freq,word,a1,a2,a3,a4,b1,b2,b3,b4,p1,p2,p3,p4,q1,q2,q3,q4
1,我們,ji3,ap7,,,,,,,ㄨㄛˇ,ㄇㄣ˙,,,,,,
2,什麼,gp6,ai7,,,gk6,ai7,,,ㄕㄣˊ,ㄇㄛ˙,,,ㄕㄜˊ,ㄇㄛ˙,,
3,可以,dk3,u3,,,,,,,ㄎㄜˇ,ㄧˇ,,,,,,
4,老師,xl3,g,,,,,,,ㄌㄠˇ,ㄕ,,,,,,
5,沒有,ao6,u.3,,,,,,,ㄇㄟˊ,ㄧㄡˇ,,,,,,
6,大家,284,ru8,,,284,ej,,,ㄉㄚˋ,ㄐㄧㄚ,,,ㄉㄚˋ,ㄍㄨ,,
7,他們,w8,ap7,,,,,,,ㄊㄚ,ㄇㄣ˙,,,,,,
8,自己,y4,ru3,,,,,,,ㄗˋ,ㄐㄧˇ,,,,,,
9,所以,nji3,u3,,,,,,,ㄙㄨㄛˇ,ㄧˇ,,,,,,
10,因為,up,jo4,,,,,,,ㄧㄣ,ㄨㄟˋ,,,,,,
11,媽媽,a8,a87,,,a8,a8,,,ㄇㄚ,ㄇㄚ˙,,,ㄇㄚ,ㄇㄚ,,
12,時候,g6,c.4,,,,,,,ㄕˊ,ㄏㄡˋ,,,,,,
13,起來,fu3,x96,,,,,,,ㄑㄧˇ,ㄌㄞˊ,,,,,,
14,問題,jp4,wu6,,,,,,,ㄨㄣˋ,ㄊㄧˊ,,,,,,
15,就是,ru.4,g4,,,,,,,ㄐㄧㄡˋ,ㄕˋ,,,,,,
16,為什麼,jo4,gp6,ai7,,jo4,gk6,ai7,,ㄨㄟˋ,ㄕㄣˊ,ㄇㄛ˙,,ㄨㄟˋ,ㄕㄜˊ,ㄇㄛ˙,
17,怎麼,yp3,ai7,,,,,,,ㄗㄣˇ,ㄇㄛ˙,,,,,,
18,知道,5,2l4,,,,,,,ㄓ,ㄉㄠˋ,,,,,,
19,如果,bj6,eji3,,,,,,,ㄖㄨˊ,ㄍㄨㄛˇ,,,,,,
20,希望,vu,j;4,,,,,,,ㄒㄧ,ㄨㄤˋ,,,,,,
21,生活,g/,cji6,,,,,,,ㄕㄥ,ㄏㄨㄛˊ,,,,,,
22,你們,su3,ap7,,,,,,,ㄋㄧˇ,ㄇㄣ˙,,,,,,
23,出來,tj,x96,,,,,,,ㄔㄨ,ㄌㄞˊ,,,,,,
24,學校,"vm,6",vul4,,,,,,,ㄒㄩㄝˊ,ㄒㄧㄠˋ,,,,,,
25,但是,204,g4,,,,,,,ㄉㄢˋ,ㄕˋ,,,,,,
26,地方,2u4,z;,,,,,,,ㄉㄧˋ,ㄈㄤ,,,,,,
27,看到,d04,2l4,,,,,,,ㄎㄢˋ,ㄉㄠˋ,,,,,,
28,現在,vu04,y94,,,,,,,ㄒㄧㄢˋ,ㄗㄞˋ,,,,,,
29,喜歡,vu3,cj0,,,,,,,ㄒㄧˇ,ㄏㄨㄢ,,,,,,
30,爸爸,184,187,,,,,,,ㄅㄚˋ,ㄅㄚ˙,,,,,,
31,一樣,u6,u;4,,,,,,,ㄧˊ,ㄧㄤˋ,,,,,,
32,許多,vm3,2ji,,,,,,,ㄒㄩˇ,ㄉㄨㄛ,,,,,,
33,一起,u4,fu3,,,,,,,ㄧˋ,ㄑㄧˇ,,,,,,
34,不同,1j4,wj/6,,,,,,,ㄅㄨˋ,ㄊㄨㄥˊ,,,,,,
35,一定,u6,2u/4,,,,,,,ㄧˊ,ㄉㄧㄥˋ,,,,,,
36,非常,zo,t;6,,,,,,,ㄈㄟ,ㄔㄤˊ,,,,,,
37,已經,u3,ru/,,,,,,,ㄧˇ,ㄐㄧㄥ,,,,,,
38,下來,vu84,x96,,,,,,,ㄒㄧㄚˋ,ㄌㄞˊ,,,,,,
39,不是,1j6,g4,,,,,,,ㄅㄨˊ,ㄕˋ,,,,,,
40,時間,g6,ru0,,,,,,,ㄕˊ,ㄐㄧㄢ,,,,,,
41,東西,2j/,vu,,,,,,,ㄉㄨㄥ,ㄒㄧ,,,,,,
42,快樂,dj94,xk4,,,,,,,ㄎㄨㄞˋ,ㄌㄜˋ,,,,,,
43,練習,xu04,vu6,,,,,,,ㄌㄧㄢˋ,ㄒㄧˊ,,,,,,
44,學生,"vm,6",g/,,,,,,,ㄒㄩㄝˊ,ㄕㄥ,,,,,,
45,活動,cji6,2j/4,,,,,,,ㄏㄨㄛˊ,ㄉㄨㄥˋ,,,,,,
46,回答,cjo6,286,,,,,,,ㄏㄨㄟˊ,ㄉㄚˊ,,,,,,
47,覺得,"rm,6",2k7,,,,,,,ㄐㄩㄝˊ,ㄉㄜ˙,,,,,,
48,可是,dk3,g4,,,,,,,ㄎㄜˇ,ㄕˋ,,,,,,
49,多少,2ji,gl3,,,,,,,ㄉㄨㄛ,ㄕㄠˇ,,,,,,
50,都是,2.,g4,,,,,,,ㄉㄡ,ㄕˋ,,,,,,
51,謝謝,"vu,4","vu,7",,,"vu,4","vu,4",,,ㄒㄧㄝˋ,ㄒㄧㄝ˙,,,ㄒㄧㄝˋ,ㄒㄧㄝˋ,,
52,動物,2j/4,j4,,,,,,,ㄉㄨㄥˋ,ㄨˋ,,,,,,
53,不要,1j6,ul4,,,,,,,ㄅㄨˊ,ㄧㄠˋ,,,,,,
54,第一,2u4,u,,,,,,,ㄉㄧˋ,ㄧ,,,,,,
55,課文,dk4,jp6,,,,,,,ㄎㄜˋ,ㄨㄣˊ,,,,,,
56,雖然,njo,b06,,,,,,,ㄙㄨㄟ,ㄖㄢˊ,,,,,,
57,身體,gp,wu3,,,,,,,ㄕㄣ,ㄊㄧˇ,,,,,,
58,發現,z8,vu04,,,,,,,ㄈㄚ,ㄒㄧㄢˋ,,,,,,
59,開始,d9,g3,,,,,,,ㄎㄞ,ㄕˇ,,,,,,
60,還是,c96,g4,,,,,,,ㄏㄞˊ,ㄕˋ,,,,,,
61,世界,g4,"ru,4",,,,,,,ㄕˋ,ㄐㄧㄝˋ,,,,,,
62,工作,ej/,yji4,,,,,,,ㄍㄨㄥ,ㄗㄨㄛˋ,,,,,,
63,地球,2u4,fu.6,,,,,,,ㄉㄧˋ,ㄑㄧㄡˊ,,,,,,
64,母親,aj3,fup,,,,,,,ㄇㄨˇ,ㄑㄧㄣ,,,,,,
65,不會,1j6,cjo4,,,,,,,ㄅㄨˊ,ㄏㄨㄟˋ,,,,,,
66,小朋友,vul3,q/6,u.3,,,,,,ㄒㄧㄠˇ,ㄆㄥˊ,ㄧㄡˇ,,,,,
67,故事,ej4,g4,,,,,,,ㄍㄨˋ,ㄕˋ,,,,,,
68,那麼,s84,ai7,,,,,,,ㄋㄚˋ,ㄇㄛ˙,,,,,,
69,太陽,w94,u;6,,,,,,,ㄊㄞˋ,ㄧㄤˊ,,,,,,
70,今天,rup,wu0,,,,,,,ㄐㄧㄣ,ㄊㄧㄢ,,,,,,
71,方法,z;,z83,,,,,,,ㄈㄤ,ㄈㄚˇ,,,,,,
72,朋友,q/6,u.3,,,,,,,ㄆㄥˊ,ㄧㄡˇ,,,,,,
73,孩子,c96,y7,,,,,,,ㄏㄞˊ,ㄗ˙,,,,,,
74,因此,up,h3,,,,,,,ㄧㄣ,ㄘˇ,,,,,,
75,美麗,ao3,xu4,,,,,,,ㄇㄟˇ,ㄌㄧˋ,,,,,,
76,告訴,el4,nj4,,,,,,,ㄍㄠˋ,ㄙㄨˋ,,,,,,
77,於是,m6,g4,,,,,,,ㄩˊ,ㄕˋ,,,,,,
78,利用,xu4,m/4,,,,,,,ㄌㄧˋ,ㄩㄥˋ,,,,,,
79,公分,ej/,zp,,,,,,,ㄍㄨㄥ,ㄈㄣ,,,,,,
80,表示,1ul3,g4,,,,,,,ㄅㄧㄠˇ,ㄕˋ,,,,,,
81,這麼,5k4,ai7,,,,,,,ㄓㄜˋ,ㄇㄛ˙,,,,,,
82,同學,wj/6,"vm,6",,,,,,,ㄊㄨㄥˊ,ㄒㄩㄝˊ,,,,,,
83,而且,-6,"fu,3",,,,,,,ㄦˊ,ㄑㄧㄝˇ,,,,,,
84,不能,1j4,s/6,,,,,,,ㄅㄨˋ,ㄋㄥˊ,,,,,,
85,肉味,b.4,jo4,,,,,,,ㄖㄡˋ,ㄨㄟˋ,,,,,,
86,高興,el,vu/4,,,,,,,ㄍㄠ,ㄒㄧㄥˋ,,,,,,
87,應該,u/,e9,,,,,,,ㄧㄥ,ㄍㄞ,,,,,,
88,可能,dk3,s/6,,,,,,,ㄎㄜˇ,ㄋㄥˊ,,,,,,
89,其他,fu6,w8,,,,,,,ㄑㄧˊ,ㄊㄚ,,,,,,
90,真是,5p,g4,,,,,,,ㄓㄣ,ㄕˋ,,,,,,
91,發生,z8,g/,,,,,,,ㄈㄚ,ㄕㄥ,,,,,,
92,一些,u4,"vu,",,,,,,,ㄧˋ,ㄒㄧㄝ,,,,,,
93,下面,vu84,au04,,,,,,,ㄒㄧㄚˋ,ㄇㄧㄢˋ,,,,,,
94,經過,ru/,eji4,,,,,,,ㄐㄧㄥ,ㄍㄨㄛˋ,,,,,,
95,植物,56,j4,,,,,,,ㄓˊ,ㄨˋ,,,,,,
96,電腦,2u04,sl3,,,,,,,ㄉㄧㄢˋ,ㄋㄠˇ,,,,,,
97,由於,u.6,m6,,,,,,,ㄧㄡˊ,ㄩˊ,,,,,,
98,臺灣,w96,j0,,,,,,,ㄊㄞˊ,ㄨㄢ,,,,,,
99,也是,"u,3",g4,,,,,,,ㄧㄝˇ,ㄕˋ,,,,,,
100,學習,"vm,6",vu6,,,,,,,ㄒㄩㄝˊ,ㄒㄧˊ,,,,,,
101,比較,1u3,rul4,,,,,,,ㄅㄧˇ,ㄐㄧㄠˋ,,,,,,
102,弟弟,2u4,2u7,,,2u4,2u4,,,ㄉㄧˋ,ㄉㄧ˙,,,ㄉㄧˋ,ㄉㄧˋ,,
103,聲音,g/,up,,,,,,,ㄕㄥ,ㄧㄣ,,,,,,
104,然後,b06,c.4,,,,,,,ㄖㄢˊ,ㄏㄡˋ,,,,,,
105,一直,u4,56,,,,,,,ㄧˋ,ㄓˊ,,,,,,
106,不過,1j6,eji4,,,,,,,ㄅㄨˊ,ㄍㄨㄛˋ,,,,,,
107,校長,vul4,5;3,,,,,,,ㄒㄧㄠˋ,ㄓㄤˇ,,,,,,
108,意思,u4,n7,,,u4,n,,,ㄧˋ,ㄙ˙,,,ㄧˋ,ㄙ,,
109,原來,m06,x96,,,,,,,ㄩㄢˊ,ㄌㄞˊ,,,,,,
110,變成,1u04,t/6,,,,,,,ㄅㄧㄢˋ,ㄔㄥˊ,,,,,,
111,公尺,ej/,t3,,,,,,,ㄍㄨㄥ,ㄔˇ,,,,,,
112,以後,u3,c.4,,,,,,,ㄧˇ,ㄏㄡˋ,,,,,,
113,好像,cl3,vu;4,,,,,,,ㄏㄠˇ,ㄒㄧㄤˋ,,,,,,
114,中國,5j/,eji6,,,,,,,ㄓㄨㄥ,ㄍㄨㄛˊ,,,,,,
115,回來,cjo6,x96,,,,,,,ㄏㄨㄟˊ,ㄌㄞˊ,,,,,,
116,出現,tj,vu04,,,,,,,ㄔㄨ,ㄒㄧㄢˋ,,,,,,
117,它們,w8,ap7,,,,,,,ㄊㄚ,ㄇㄣ˙,,,,,,
118,國家,eji6,ru8,,,,,,,ㄍㄨㄛˊ,ㄐㄧㄚ,,,,,,
119,看見,d04,ru04,,,,,,,ㄎㄢˋ,ㄐㄧㄢˋ,,,,,,
120,恐龍,dj/3,xj/6,,,,,,,ㄎㄨㄥˇ,ㄌㄨㄥˊ,,,,,,
121,情形,fu/6,vu/6,,,,,,,ㄑㄧㄥˊ,ㄒㄧㄥˊ,,,,,,
122,眼睛,u03,ru/,,,,,,,ㄧㄢˇ,ㄐㄧㄥ,,,,,,
123,注音,5j4,up,,,,,,,ㄓㄨˋ,ㄧㄣ,,,,,,
124,先生,vu0,g/7,,,vu0,g/,,,ㄒㄧㄢ,ㄕㄥ˙,,,ㄒㄧㄢ,ㄕㄥ,,
125,認為,bp4,jo6,,,,,,,ㄖㄣˋ,ㄨㄟˊ,,,,,,
126,父親,zj4,fup,,,,,,,ㄈㄨˋ,ㄑㄧㄣ,,,,,,
127,作品,yji4,qup3,,,,,,,ㄗㄨㄛˋ,ㄆㄧㄣˇ,,,,,,
128,一點,u4,2u03,,,,,,,ㄧˋ,ㄉㄧㄢˇ,,,,,,
129,認識,bp4,g4,,,,,,,ㄖㄣˋ,ㄕˋ,,,,,,
130,事情,g4,fu/6,,,,,,,ㄕˋ,ㄑㄧㄥˊ,,,,,,
131,結果,"ru,6",eji3,,,,,,,ㄐㄧㄝˊ,ㄍㄨㄛˇ,,,,,,
132,回家,cjo6,ru8,,,,,,,ㄏㄨㄟˊ,ㄐㄧㄚ,,,,,,
133,別人,"1u,6",bp6,,,,,,,ㄅㄧㄝˊ,ㄖㄣˊ,,,,,,
134,終於,5j/,m6,,,,,,,ㄓㄨㄥ,ㄩˊ,,,,,,
135,食物,g6,j4,,,,,,,ㄕˊ,ㄨˋ,,,,,,
136,成為,t/6,jo6,,,,,,,ㄔㄥˊ,ㄨㄟˊ,,,,,,
137,如何,bj6,ck6,,,,,,,ㄖㄨˊ,ㄏㄜˊ,,,,,,
138,內容,so4,bj/6,,,,,,,ㄋㄟˋ,ㄖㄨㄥˊ,,,,,,
139,環境,cj06,ru/4,,,,,,,ㄏㄨㄢˊ,ㄐㄧㄥˋ,,,,,,
140,形成,vu/6,t/6,,,,,,,ㄒㄧㄥˊ,ㄔㄥˊ,,,,,,
141,能夠,s/6,e.4,,,,,,,ㄋㄥˊ,ㄍㄡˋ,,,,,,
142,人們,bp6,ap7,,,,,,,ㄖㄣˊ,ㄇㄣ˙,,,,,,
143,不知道,1j4,5,2l4,,,,,,ㄅㄨˋ,ㄓ,ㄉㄠˋ,,,,,
144,空氣,dj/,fu4,,,,,,,ㄎㄨㄥ,ㄑㄧˋ,,,,,,
145,使用,g3,m/4,,,,,,,ㄕˇ,ㄩㄥˋ,,,,,,
146,方式,z;,g4,,,,,,,ㄈㄤ,ㄕˋ,,,,,,
147,過去,eji4,fm4,,,,,,,ㄍㄨㄛˋ,ㄑㄩˋ,,,,,,
148,部分,1j4,zp4,,,,,,,ㄅㄨˋ,ㄈㄣˋ,,,,,,
149,人類,bp6,xo4,,,,,,,ㄖㄣˊ,ㄌㄟˋ,,,,,,
150,準備,5jp3,1o4,,,,,,,ㄓㄨㄣˇ,ㄅㄟˋ,,,,,,
151,造句,yl4,rm4,,,,,,,ㄗㄠˋ,ㄐㄩˋ,,,,,,
152,需要,vm,ul4,,,,,,,ㄒㄩ,ㄧㄠˋ,,,,,,
153,突然,wj6,b06,,,,,,,ㄊㄨˊ,ㄖㄢˊ,,,,,,
154,牠們,w8,ap7,,,,,,,ㄊㄚ,ㄇㄣ˙,,,,,,
155,完成,j06,t/6,,,,,,,ㄨㄢˊ,ㄔㄥˊ,,,,,,
156,不但,1j6,204,,,,,,,ㄅㄨˊ,ㄉㄢˋ,,,,,,
157,畢業,1u4,"u,4",,,,,,,ㄅㄧˋ,ㄧㄝˋ,,,,,,
158,觀察,ej0,t86,,,,,,,ㄍㄨㄢ,ㄔㄚˊ,,,,,,
159,地區,2u4,fm,,,,,,,ㄉㄧˋ,ㄑㄩ,,,,,,
160,立刻,xu4,dk4,,,,,,,ㄌㄧˋ,ㄎㄜˋ,,,,,,
161,同時,wj/6,g6,,,,,,,ㄊㄨㄥˊ,ㄕˊ,,,,,,
162,樣子,u;4,y7,,,,,,,ㄧㄤˋ,ㄗ˙,,,,,,
163,下列,vu84,"xu,4",,,,,,,ㄒㄧㄚˋ,ㄌㄧㄝˋ,,,,,,
164,天氣,wu0,fu4,,,,,,,ㄊㄧㄢ,ㄑㄧˋ,,,,,,
165,主要,5j3,ul4,,,,,,,ㄓㄨˇ,ㄧㄠˋ,,,,,,
166,健康,ru04,d;,,,,,,,ㄐㄧㄢˋ,ㄎㄤ,,,,,,
167,影響,u/3,vu;3,,,,,,,ㄧㄥˇ,ㄒㄧㄤˇ,,,,,,
168,最後,yjo4,c.4,,,,,,,ㄗㄨㄟˋ,ㄏㄡˋ,,,,,,
169,藝術,u4,gj4,,,,,,,ㄧˋ,ㄕㄨˋ,,,,,,
170,後來,c.4,x96,,,,,,,ㄏㄡˋ,ㄌㄞˊ,,,,,,
171,我國,ji3,eji6,,,,,,,ㄨㄛˇ,ㄍㄨㄛˊ,,,,,,
172,其中,fu6,5j/,,,,,,,ㄑㄧˊ,ㄓㄨㄥ,,,,,,
173,重要,5j/4,ul4,,,,,,,ㄓㄨㄥˋ,ㄧㄠˋ,,,,,,
174,填寫,wu06,"vu,3",,,,,,,ㄊㄧㄢˊ,ㄒㄧㄝˇ,,,,,,
175,怎樣,yp3,u;4,,,,,,,ㄗㄣˇ,ㄧㄤˋ,,,,,,
176,特別,wk4,"1u,6",,,,,,,ㄊㄜˋ,ㄅㄧㄝˊ,,,,,,
177,一般,u4,10,,,,,,,ㄧˋ,ㄅㄢ,,,,,,
178,以及,u3,ru6,,,,,,,ㄧˇ,ㄐㄧˊ,,,,,,
179,注意,5j4,u4,,,,,,,ㄓㄨˋ,ㄧˋ,,,,,,
180,產生,t03,g/,,,,,,,ㄔㄢˇ,ㄕㄥ,,,,,,
181,努力,sj3,xu4,,,,,,,ㄋㄨˇ,ㄌㄧˋ,,,,,,
182,變化,1u04,cj84,,,,,,,ㄅㄧㄢˋ,ㄏㄨㄚˋ,,,,,,
183,兒童,-6,wj/6,,,,,,,ㄦˊ,ㄊㄨㄥˊ,,,,,,
184,單元,20,m06,,,,,,,ㄉㄢ,ㄩㄢˊ,,,,,,
185,進行,rup4,vu/6,,,,,,,ㄐㄧㄣˋ,ㄒㄧㄥˊ,,,,,,
186,讀書,2j6,gj,,,,,,,ㄉㄨˊ,ㄕㄨ,,,,,,
187,國王,eji6,j;6,,,,,,,ㄍㄨㄛˊ,ㄨㄤˊ,,,,,,
188,關係,eu0,vu4,,,ej0,vu7,,,ㄍㄧㄢ,ㄒㄧˋ,,,ㄍㄨㄢ,ㄒㄧ˙,,
189,公主,ej/,5j3,,,,,,,ㄍㄨㄥ,ㄓㄨˇ,,,,,,
190,地震,2u4,5p4,,,,,,,ㄉㄧˋ,ㄓㄣˋ,,,,,,
191,網站,j;3,504,,,,,,,ㄨㄤˇ,ㄓㄢˋ,,,,,,
192,並且,1u/4,"fu,3",,,,,,,ㄅㄧㄥˋ,ㄑㄧㄝˇ,,,,,,
193,找到,5l3,2l4,,,,,,,ㄓㄠˇ,ㄉㄠˋ,,,,,,
194,得到,2k6,2l4,,,,,,,ㄉㄜˊ,ㄉㄠˋ,,,,,,
195,記得,ru4,2k6,,,,,,,ㄐㄧˋ,ㄉㄜˊ,,,,,,
196,歷史,xu4,g3,,,,,,,ㄌㄧˋ,ㄕˇ,,,,,,
197,容易,bj/6,u4,,,,,,,ㄖㄨㄥˊ,ㄧˋ,,,,,,
198,公斤,ej/,rup,,,,,,,ㄍㄨㄥ,ㄐㄧㄣ,,,,,,
199,父母,zj4,aj3,,,,,,,ㄈㄨˋ,ㄇㄨˇ,,,,,,
200,王子,j;6,y3,,,,,,,ㄨㄤˊ,ㄗˇ,,,,,,
201,教育,rul4,m4,,,,,,,ㄐㄧㄠˋ,ㄩˋ,,,,,,
202,了解,xul3,"ru,3",,,,,,,ㄌㄧㄠˇ,ㄐㄧㄝˇ,,,,,,
203,一下,u6,vu84,,,,,,,ㄧˊ,ㄒㄧㄚˋ,,,,,,
204,衣服,u,zj6,,,,,,,ㄧ,ㄈㄨˊ,,,,,,
205,研究,u06,ru.4,,,,,,,ㄧㄢˊ,ㄐㄧㄡˋ,,,,,,
206,參加,h0,ru8,,,,,,,ㄘㄢ,ㄐㄧㄚ,,,,,,
207,例如,xu4,bj6,,,,,,,ㄌㄧˋ,ㄖㄨˊ,,,,,,
208,說話,gji,cj84,,,,,,,ㄕㄨㄛ,ㄏㄨㄚˋ,,,,,,
209,一邊,u4,1u0,,,,,,,ㄧˋ,ㄅㄧㄢ,,,,,,
210,幫助,1;,5j4,,,,,,,ㄅㄤ,ㄓㄨˋ,,,,,,
211,聽到,wu/,2l4,,,,,,,ㄊㄧㄥ,ㄉㄠˋ,,,,,,
212,位置,jo4,54,,,,,,,ㄨㄟˋ,ㄓˋ,,,,,,
213,昨天,yji6,wu0,,,,,,,ㄗㄨㄛˊ,ㄊㄧㄢ,,,,,,
214,所有,nji3,u.3,,,,,,,ㄙㄨㄛˇ,ㄧㄡˇ,,,,,,
215,辦法,104,z83,,,,,,,ㄅㄢˋ,ㄈㄚˇ,,,,,,
216,生物,g/,j4,,,,,,,ㄕㄥ,ㄨˋ,,,,,,
217,代表,294,1ul3,,,,,,,ㄉㄞˋ,ㄅㄧㄠˇ,,,,,,
218,只是,53,g4,,,,,,,ㄓˇ,ㄕˋ,,,,,,
219,晚上,j03,g;4,,,,,,,ㄨㄢˇ,ㄕㄤˋ,,,,,,
220,感謝,e03,"vu,4",,,,,,,ㄍㄢˇ,ㄒㄧㄝˋ,,,,,,
221,必須,1u4,vm,,,,,,,ㄅㄧˋ,ㄒㄩ,,,,,,
222,石頭,g6,w.7,,,g6,w.6,,,ㄕˊ,ㄊㄡ˙,,,ㄕˊ,ㄊㄡˊ,,
223,面積,au04,ru,,,,,,,ㄇㄧㄢˋ,ㄐㄧ,,,,,,
224,常常,t;6,t;6,,,,,,,ㄔㄤˊ,ㄔㄤˊ,,,,,,
225,天空,wu0,dj/,,,,,,,ㄊㄧㄢ,ㄎㄨㄥ,,,,,,
226,可愛,dk3,94,,,,,,,ㄎㄜˇ,ㄞˋ,,,,,,
227,社會,gk4,cjo4,,,,,,,ㄕㄜˋ,ㄏㄨㄟˋ,,,,,,
228,音樂,up,"m,4",,,,,,,ㄧㄣ,ㄩㄝˋ,,,,,,
229,討論,wl3,xjp4,,,,,,,ㄊㄠˇ,ㄌㄨㄣˋ,,,,,,
230,實在,g6,y94,,,,,,,ㄕˊ,ㄗㄞˋ,,,,,,
231,公里,ej/,xu3,,,,,,,ㄍㄨㄥ,ㄌㄧˇ,,,,,,
232,過來,eji4,x96,,,,,,,ㄍㄨㄛˋ,ㄌㄞˊ,,,,,,
233,寫出,"vu,3",tj,,,,,,,ㄒㄧㄝˇ,ㄔㄨ,,,,,,
234,十分,g6,zp,,,g6,zp4,,,ㄕˊ,ㄈㄣ,,,ㄕˊ,ㄈㄣˋ,,
235,相同,vu;,wj/6,,,,,,,ㄒㄧㄤ,ㄊㄨㄥˊ,,,,,,
236,漂亮,qul4,xu;4,,,,,,,ㄆㄧㄠˋ,ㄌㄧㄤˋ,,,,,,
237,自然,y4,b06,,,,,,,ㄗˋ,ㄖㄢˊ,,,,,,
238,春天,tjp,wu0,,,,,,,ㄔㄨㄣ,ㄊㄧㄢ,,,,,,
239,無法,j6,z83,,,,,,,ㄨˊ,ㄈㄚˇ,,,,,,
240,顏色,u06,nk4,,,,,,,ㄧㄢˊ,ㄙㄜˋ,,,,,,
241,回到,cjo6,2l4,,,,,,,ㄏㄨㄟˊ,ㄉㄠˋ,,,,,,
242,習作,vu6,yji42,,,,,,,ㄒㄧˊ,ㄗㄨㄛˋ,,,,,,
243,發展,z8,503,,,,,,,ㄈㄚ,ㄓㄢˇ,,,,,,
244,照顧,5l4,ej4,,,,,,,ㄓㄠˋ,ㄍㄨˋ,,,,,,
245,說明,gji,au/6,,,,,,,ㄕㄨㄛ,ㄇㄧㄥˊ,,,,,,
246,比賽,1u3,n94,,,,,,,ㄅㄧˇ,ㄙㄞˋ,,,,,,
247,算式,nj04,g4,,,,,,,ㄙㄨㄢˋ,ㄕˋ,,,,,,
248,記錄,ru4,xj4,,,,,,,ㄐㄧˋ,ㄌㄨˋ,,,,,,
249,精神,ru/,gp6,,,,,,,ㄐㄧㄥ,ㄕㄣˊ,,,,,,
250,大小,284,vul3,,,,,,,ㄉㄚˋ,ㄒㄧㄠˇ,,,,,,
251,進入,rup4,bj4,,,,,,,ㄐㄧㄣˋ,ㄖㄨˋ,,,,,,
252,表現,1ul3,vu04,,,,,,,ㄅㄧㄠˇ,ㄒㄧㄢˋ,,,,,,
253,以前,u3,fu06,,,,,,,ㄧˇ,ㄑㄧㄢˊ,,,,,,
254,感覺,e03,"rm,6",,,,,,,ㄍㄢˇ,ㄐㄩㄝˊ,,,,,,
255,完全,j06,fm06,,,,,,,ㄨㄢˊ,ㄑㄩㄢˊ,,,,,,
256,遊戲,u.6,vu4,,,,,,,ㄧㄡˊ,ㄒㄧˋ,,,,,,
257,不久,1j4,ru.3,,,,,,,ㄅㄨˋ,ㄐㄧㄡˇ,,,,,,
258,發明,z8,au/6,,,,,,,ㄈㄚ,ㄇㄧㄥˊ,,,,,,
259,上面,g;4,au04,,,,,,,ㄕㄤˋ,ㄇㄧㄢˋ,,,,,,
260,生命,g/,au/4,,,,,,,ㄕㄥ,ㄇㄧㄥˋ,,,,,,
261,辛苦,vup,dj3,,,,,,,ㄒㄧㄣ,ㄎㄨˇ,,,,,,
262,教室,rul4,g4,,,,,,,ㄐㄧㄠˋ,ㄕˋ,,,,,,
263,造成,yl4,t/6,,,,,,,ㄗㄠˋ,ㄔㄥˊ,,,,,,
264,稱為,t/,jo6,,,,,,,ㄔㄥ,ㄨㄟˊ,,,,,,
265,人民,bp6,aup6,,,,,,,ㄖㄣˊ,ㄇㄧㄣˊ,,,,,,
266,方向,z;,vu;4,,,,,,,ㄈㄤ,ㄒㄧㄤˋ,,,,,,
267,有些,u.3,"vu,",,,,,,,ㄧㄡˇ,ㄒㄧㄝ,,,,,,
268,家長,ru8,5;3,,,,,,,ㄐㄧㄚ,ㄓㄤˇ,,,,,,
269,陽光,u;6,ej;,,,,,,,ㄧㄤˊ,ㄍㄨㄤ,,,,,,
270,月亮,"m,4",xu;4,,,,,,,ㄩㄝˋ,ㄌㄧㄤˋ,,,,,,
271,文化,jp6,cj84,,,,,,,ㄨㄣˊ,ㄏㄨㄚˋ,,,,,,
272,奇怪,fu6,ej94,,,,,,,ㄑㄧˊ,ㄍㄨㄞˋ,,,,,,
273,附近,zj4,rup4,,,,,,,ㄈㄨˋ,ㄐㄧㄣˋ,,,,,,
274,哥哥,ek,ek7,,,ek,ek,,,ㄍㄜ,ㄍㄜ˙,,,ㄍㄜ,ㄍㄜ,,
275,設計,gk4,ru4,,,,,,,ㄕㄜˋ,ㄐㄧˋ,,,,,,
276,傳統,tj06,wj/3,,,,,,,ㄔㄨㄢˊ,ㄊㄨㄥˇ,,,,,,
277,當然,2;,b06,,,,,,,ㄉㄤ,ㄖㄢˊ,,,,,,
278,種子,5j/3,y3,,,,,,,ㄓㄨㄥˇ,ㄗˇ,,,,,,
279,身上,gp,g;4,,,,,,,ㄕㄣ,ㄕㄤˋ,,,,,,
280,美國,ao3,eji6,,,,,,,ㄇㄟˇ,ㄍㄨㄛˊ,,,,,,
281,提供,wu6,ej/,,,,,,,ㄊㄧˊ,ㄍㄨㄥ,,,,,,
282,出去,tj,fm4,,,,,,,ㄔㄨ,ㄑㄩˋ,,,,,,
283,機會,ru,cjo4,,,,,,,ㄐㄧ,ㄏㄨㄟˋ,,,,,,
284,兒子,-6,y7,,,,,,,ㄦˊ,ㄗ˙,,,,,,
285,來到,x96,2l4,,,,,,,ㄌㄞˊ,ㄉㄠˋ,,,,,,
286,繼續,ru4,vm4,,,,,,,ㄐㄧˋ,ㄒㄩˋ,,,,,,
287,配合,qo4,ck6,,,,,,,ㄆㄟˋ,ㄏㄜˊ,,,,,,
288,答案,286,04,,,,,,,ㄉㄚˊ,ㄢˋ,,,,,,
289,運動,mp4,2j/4,,,,,,,ㄩㄣˋ,ㄉㄨㄥˋ,,,,,,
290,不斷,1j6,2j04,,,,,,,ㄅㄨˊ,ㄉㄨㄢˋ,,,,,,
291,日子,b4,y7,,,,,,,ㄖˋ,ㄗ˙,,,,,,
292,如此,bj6,h3,,,,,,,ㄖㄨˊ,ㄘˇ,,,,,,
293,奶奶,s93,s97,,,s93,s93,,,ㄋㄞˇ,ㄋㄞ˙,,,ㄋㄞˇ,ㄋㄞˇ,,
294,增加,y/,ru8,,,,,,,ㄗㄥ,ㄐㄧㄚ,,,,,,
295,保護,1l3,cj4,,,,,,,ㄅㄠˇ,ㄏㄨˋ,,,,,,
296,感到,e03,2l4,,,,,,,ㄍㄢˇ,ㄉㄠˋ,,,,,,
297,裡面,xu3,au04,,,,,,,ㄌㄧˇ,ㄇㄧㄢˋ,,,,,,
298,歡迎,cj0,u/6,,,,,,,ㄏㄨㄢ,ㄧㄥˊ,,,,,,
299,生長,g/,5;3,,,,,,,ㄕㄥ,ㄓㄤˇ,,,,,,
300,根據,ep,rm4,,,,,,,ㄍㄣ,ㄐㄩˋ,,,,,,
301,不知,1j4,5,,,,,,,ㄅㄨˋ,ㄓ,,,,,,
302,決定,"rm,6",2u/4,,,,,,,ㄐㄩㄝˊ,ㄉㄧㄥˋ,,,,,,
303,福爾摩斯,zj6,-3,ai6,n,,,,,ㄈㄨˊ,ㄦˇ,ㄇㄛˊ,ㄙ,,,,
304,離開,xu6,d9,,,,,,,ㄌㄧˊ,ㄎㄞ,,,,,,
305,到底,2l4,2u3,,,,,,,ㄉㄠˋ,ㄉㄧˇ,,,,,,
306,改變,e93,1u04,,,,,,,ㄍㄞˇ,ㄅㄧㄢˋ,,,,,,
307,留言,xu.6,u06,,,,,,,ㄌㄧㄡˊ,ㄧㄢˊ,,,,,,
308,進步,rup4,1j4,,,,,,,ㄐㄧㄣˋ,ㄅㄨˋ,,,,,,
309,只好,53,cl3,,,,,,,ㄓˇ,ㄏㄠˇ,,,,,,
310,相信,vu;,vup4,,,,,,,ㄒㄧㄤ,ㄒㄧㄣˋ,,,,,,
311,知識,5,g4,,,,,,,ㄓ,ㄕˋ,,,,,,
312,永遠,m/3,m03,,,,,,,ㄩㄥˇ,ㄩㄢˇ,,,,,,
313,不錯,1j6,hji4,,,,,,,ㄅㄨˊ,ㄘㄨㄛˋ,,,,,,
314,介紹,"ru,4",gl4,,,,,,,ㄐㄧㄝˋ,ㄕㄠˋ,,,,,,
315,成功,t/6,ej/,,,,,,,ㄔㄥˊ,ㄍㄨㄥ,,,,,,
316,妹妹,ao4,ao7,,,ao4,ao4,,,ㄇㄟˋ,ㄇㄟ˙,,,ㄇㄟˋ,ㄇㄟˋ,,
317,長大,5;3,284,,,,,,,ㄓㄤˇ,ㄉㄚˋ,,,,,,
318,各位,ek4,jo4,,,,,,,ㄍㄜˋ,ㄨㄟˋ,,,,,,
319,星星,vu/,vu/,,,,,,,ㄒㄧㄥ,ㄒㄧㄥ,,,,,,
320,森林,np,xup6,,,,,,,ㄙㄣ,ㄌㄧㄣˊ,,,,,,
321,原因,m06,up,,,,,,,ㄩㄢˊ,ㄧㄣ,,,,,,
322,清楚,fu/,tj3,,,,,,,ㄑㄧㄥ,ㄔㄨˇ,,,,,,
323,台灣,w96,j0,,,,,,,ㄊㄞˊ,ㄨㄢ,,,,,,
324,形狀,vu/6,5j;4,,,,,,,ㄒㄧㄥˊ,ㄓㄨㄤˋ,,,,,,
325,忽然,cj,b06,,,,,,,ㄏㄨ,ㄖㄢˊ,,,,,,
326,現象,vu04,vu;4,,,,,,,ㄒㄧㄢˋ,ㄒㄧㄤˋ,,,,,,
327,詞語,h6,m3,,,,,,,ㄘˊ,ㄩˇ,,,,,,
328,實驗,g6,u04,,,,,,,ㄕˊ,ㄧㄢˋ,,,,,,
329,當時,2;,g6,,,,,,,ㄉㄤ,ㄕˊ,,,,,,
330,不停,1j4,wu/6,,,,,,,ㄅㄨˋ,ㄊㄧㄥˊ,,,,,,
331,化石,cj84,g6,,,,,,,ㄏㄨㄚˋ,ㄕˊ,,,,,,
332,具有,rm4,u.3,,,,,,,ㄐㄩˋ,ㄧㄡˇ,,,,,,
333,馬上,a83,g;4,,,,,,,ㄇㄚˇ,ㄕㄤˋ,,,,,,
334,資料,y,xul4,,,,,,,ㄗ,ㄌㄧㄠˋ,,,,,,
335,不好,j14,cl3,,,,,,,ㄨㄅˋ,ㄏㄠˇ,,,,,,
336,趕快,e03,dj94,,,,,,,ㄍㄢˇ,ㄎㄨㄞˋ,,,,,,
337,名字,au/6,y4,,,,,,,ㄇㄧㄥˊ,ㄗˋ,,,,,,
338,互相,cj4,vu;,,,,,,,ㄏㄨˋ,ㄒㄧㄤ,,,,,,
339,分別,zp,"1u,6",,,,,,,ㄈㄣ,ㄅㄧㄝˊ,,,,,,
340,名稱,au/6,t/,,,,,,,ㄇㄧㄥˊ,ㄔㄥ,,,,,,
341,過程,eji4,t/6,,,,,,,ㄍㄨㄛˋ,ㄔㄥˊ,,,,,,
342,女兒,sm3,-6,,,,,,,ㄋㄩˇ,ㄦˊ,,,,,,
343,葉子,"u,4",y7,,,,,,,ㄧㄝˋ,ㄗ˙,,,,,,
344,語詞,m3,h6,,,,,,,ㄩˇ,ㄘˊ,,,,,,
345,聰明,hj/,au/6,,,,,,,ㄘㄨㄥ,ㄇㄧㄥˊ,,,,,,
346,口頭,d.3,w.6,,,,,,,ㄎㄡˇ,ㄊㄡˊ,,,,,,
347,下去,vu84,fm4,,,,,,,ㄒㄧㄚˋ,ㄑㄩˋ,,,,,,
348,主人,5j3,bp6,,,,,,,ㄓㄨˇ,ㄖㄣˊ,,,,,,
349,其實,fu6,g65,,,,,,,ㄑㄧˊ,ㄕˊㄓ,,,,,,
350,意義,u4,u4,,,,,,,ㄧˋ,ㄧˋ,,,,,,
351,對於,2jo4,m6,,,,,,,ㄉㄨㄟˋ,ㄩˊ,,,,,,
352,有趣,u.3,fm4,,,,,,,ㄧㄡˇ,ㄑㄩˋ,,,,,,
353,解決,"ru,3","rm,6",,,,,,,ㄐㄧㄝˇ,ㄐㄩㄝˊ,,,,,,
354,民國,aup6,eji6,,,,,,,ㄇㄧㄣˊ,ㄍㄨㄛˊ,,,,,,
355,目前,aj4,fu06,,,,,,,ㄇㄨˋ,ㄑㄧㄢˊ,,,,,,
356,回去,cjo6,fm4,,,,,,,ㄏㄨㄟˊ,ㄑㄩˋ,,,,,,
357,加油,ru8,u.6,,,,,,,ㄐㄧㄚ,ㄧㄡˊ,,,,,,
358,任何,bp4,ck6,,,,,,,ㄖㄣˋ,ㄏㄜˊ,,,,,,
359,今年,rup,su06,,,,,,,ㄐㄧㄣ,ㄋㄧㄢˊ,,,,,,
360,仔細,y3,vu4,,,,,,,ㄗˇ,ㄒㄧˋ,,,,,,
361,安全,0,fm06,,,,,,,ㄢ,ㄑㄩㄢˊ,,,,,,
362,資源,y,m06,,,,,,,ㄗ,ㄩㄢˊ,,,,,,
363,獲得,cji4,2k6,,,,,,,ㄏㄨㄛˋ,ㄉㄜˊ,,,,,,
364,課本,dk4,p13,,,,,,,ㄎㄜˋ,ㄣㄅˇ,,,,,,
365,一切,u6,"fu,4",,,,,,,ㄧˊ,ㄑㄧㄝˋ,,,,,,
366,發出,z8,tj,,,,,,,ㄈㄚ,ㄔㄨ,,,,,,
367,上課,g;4,dk4,,,,,,,ㄕㄤˋ,ㄎㄜˋ,,,,,,
368,甚至,gp4,54,,,,,,,ㄕㄣˋ,ㄓˋ,,,,,,
369,教師,rul4,g,,,,,,,ㄐㄧㄠˋ,ㄕ,,,,,,
370,教導,rul,2l3,,,rul4,2l3,,,ㄐㄧㄠ,ㄉㄠˇ,,,ㄐㄧㄠˋ,ㄉㄠˇ,,
371,道理,2l4,xu3,,,,,,,ㄉㄠˋ,ㄌㄧˇ,,,,,,
372,禮物,xu3,j4,,,,,,,ㄌㄧˇ,ㄨˋ,,,,,,
373,城堡,t/6,1l3,,,,,,,ㄔㄥˊ,ㄅㄠˇ,,,,,,
374,網頁,j;3,"u,4",,,,,,,ㄨㄤˇ,ㄧㄝˋ,,,,,,
375,豐富,z/,zj4,,,,,,,ㄈㄥ,ㄈㄨˋ,,,,,,
376,上學,g;4,"vm,6",,,,,,,ㄕㄤˋ,ㄒㄩㄝˊ,,,,,,
377,加上,ru8,g;4,,,,,,,ㄐㄧㄚ,ㄕㄤˋ,,,,,,
378,作文,yji4,jp6,,,,,,,ㄗㄨㄛˋ,ㄨㄣˊ,,,,,,
379,作用,yji4,m/4,,,,,,,ㄗㄨㄛˋ,ㄩㄥˋ,,,,,,
380,曾經,h/6,ru/,,,,,,,ㄘㄥˊ,ㄐㄧㄥ,,,,,,
381,電話,2u04,cj84,,,,,,,ㄉㄧㄢˋ,ㄏㄨㄚˋ,,,,,,
382,總是,yj/3,g4,,,,,,,ㄗㄨㄥˇ,ㄕˋ,,,,,,
383,地點,2u4,2u03,,,,,,,ㄉㄧˋ,ㄉㄧㄢˇ,,,,,,
384,最近,yjo4,rup4,,,,,,,ㄗㄨㄟˋ,ㄐㄧㄣˋ,,,,,,
385,距離,rm4,xu6,,,,,,,ㄐㄩˋ,ㄌㄧˊ,,,,,,
386,大約,284,"m,",,,,,,,ㄉㄚˋ,ㄩㄝ,,,,,,
387,不見,1j6,ru04,,,,,,,ㄅㄨˊ,ㄐㄧㄢˋ,,,,,,
388,仍然,b/6,b06,,,,,,,ㄖㄥˊ,ㄖㄢˊ,,,,,,
389,叫做,rul4,yji4,,,,,,,ㄐㄧㄠˋ,ㄗㄨㄛˋ,,,,,,
390,地面,2u4,au04,,,,,,,ㄉㄧˋ,ㄇㄧㄢˋ,,,,,,
391,前面,fu06,au04,,,,,,,ㄑㄧㄢˊ,ㄇㄧㄢˋ,,,,,,
392,科學,dk,"vm,6",,,,,,,ㄎㄜ,ㄒㄩㄝˊ,,,,,,
393,冬天,2j/,wu0,,,,,,,ㄉㄨㄥ,ㄊㄧㄢ,,,,,,
394,另外,xu/4,j94,,,,,,,ㄌㄧㄥˋ,ㄨㄞˋ,,,,,,
395,兔子,wj4,y7,,,,,,,ㄊㄨˋ,ㄗ˙,,,,,,
396,昆蟲,djp,tj/6,,,,,,,ㄎㄨㄣ,ㄔㄨㄥˊ,,,,,,
397,氣體,fu4,wu3,,,,,,,ㄑㄧˋ,ㄊㄧˇ,,,,,,
398,用來,m/4,x96,,,,,,,ㄩㄥˋ,ㄌㄞˊ,,,,,,
399,海洋,c93,u;6,,,,,,,ㄏㄞˇ,ㄧㄤˊ,,,,,,
400,不少,1j4,gl3,,,,,,,ㄅㄨˋ,ㄕㄠˇ,,,,,,
401,西元,vu,m06,,,,,,,ㄒㄧ,ㄩㄢˊ,,,,,,
402,記者,ru4,5k3,,,,,,,ㄐㄧˋ,ㄓㄜˇ,,,,,,
403,填一填,wu06,u4,wu06,,,,,,ㄊㄧㄢˊ,ㄧˋ,ㄊㄧㄢˊ,,,,,
404,幾乎,ru,cj,,,,,,,ㄐㄧ,ㄏㄨ,,,,,,
405,系統,vu4,wj/3,,,,,,,ㄒㄧˋ,ㄊㄨㄥˇ,,,,,,
406,寫字,"vu,3",y4,,,,,,,ㄒㄧㄝˇ,ㄗˋ,,,,,,
407,人物,bp6,j4,,,,,,,ㄖㄣˊ,ㄨˋ,,,,,,
408,尤其,u.6,fu6,,,,,,,ㄧㄡˊ,ㄑㄧˊ,,,,,,
409,功課,ej/,dk4,,,,,,,ㄍㄨㄥ,ㄎㄜˋ,,,,,,
410,左右,yji3,u.4,,,,,,,ㄗㄨㄛˇ,ㄧㄡˋ,,,,,,
411,家庭,ru8,wu/6,,,,,,,ㄐㄧㄚ,ㄊㄧㄥˊ,,,,,,
412,想一想,vu;3,u4,vu;3,,,,,,ㄒㄧㄤˇ,ㄧˋ,ㄒㄧㄤˇ,,,,,
413,慢慢,a04,a04,,,,,,,ㄇㄢˋ,ㄇㄢˋ,,,,,,
414,屬於,gj3,m6,,,,,,,ㄕㄨˇ,ㄩˊ,,,,,,
415,以為,u3,jo6,,,,,,,ㄧˇ,ㄨㄟˊ,,,,,,
416,充滿,tj/,a03,,,,,,,ㄔㄨㄥ,ㄇㄢˇ,,,,,,
417,後面,c.4,au04,,,,,,,ㄏㄡˋ,ㄇㄧㄢˋ,,,,,,
418,共同,ej/4,wj/6,,,,,,,ㄍㄨㄥˋ,ㄊㄨㄥˊ,,,,,,
419,肌肉,ru,b.4,,,,,,,ㄐㄧ,ㄖㄡˋ,,,,,,
420,通過,wj/,eji4,,,,,,,ㄊㄨㄥ,ㄍㄨㄛˋ,,,,,,
421,新年,vup,su06,,,,,,,ㄒㄧㄣ,ㄋㄧㄢˊ,,,,,,
422,功能,ej/,s/6,,,,,,,ㄍㄨㄥ,ㄋㄥˊ,,,,,,
423,交通,rul,wj/,,,,,,,ㄐㄧㄠ,ㄊㄨㄥ,,,,,,
424,時代,g6,294,,,,,,,ㄕˊ,ㄉㄞˋ,,,,,,
425,報導,1l4,2l3,,,,,,,ㄅㄠˋ,ㄉㄠˇ,,,,,,
426,方面,z;,au04,,,,,,,ㄈㄤ,ㄇㄧㄢˋ,,,,,,
427,房子,z;6,y7,,,,,,,ㄈㄤˊ,ㄗ˙,,,,,,
428,明天,au/6,wu0,,,,,,,ㄇㄧㄥˊ,ㄊㄧㄢ,,,,,,
429,參觀,h0,ej0,,,,,,,ㄘㄢ,ㄍㄨㄢ,,,,,,
430,創作,tj;4,yji4,,,,,,,ㄔㄨㄤˋ,ㄗㄨㄛˋ,,,,,,
431,爺爺,"u,6","u,7",,,"u,6","u,6",,,ㄧㄝˊ,ㄧㄝ˙,,,ㄧㄝˊ,ㄧㄝˊ,,
432,不可,1j4,dk3,,,,,,,ㄅㄨˋ,ㄎㄜˇ,,,,,,
433,日本,b4,1p3,,,,,,,ㄖˋ,ㄅㄣˇ,,,,,,
434,到處,2l4,tj4,,,,,,,ㄉㄠˋ,ㄔㄨˋ,,,,,,
435,姊姊,"ru,3","ru,7",,,"ru,3","ru,3",,,ㄐㄧㄝˇ,ㄐㄧㄝ˙,,,ㄐㄧㄝˇ,ㄐㄧㄝˇ,,
436,明白,au/6,196,,,,,,,ㄇㄧㄥˊ,ㄅㄞˊ,,,,,,
437,建築,ru04,5j6,,,,,,,ㄐㄧㄢˋ,ㄓㄨˊ,,,,,,
438,接受,"ru,",g.4,,,,,,,ㄐㄧㄝ,ㄕㄡˋ,,,,,,
439,人家,bp6,ru8,,,,,,,ㄖㄣˊ,ㄐㄧㄚ,,,,,,
440,下午,vu84,j3,,,,,,,ㄒㄧㄚˋ,ㄨˇ,,,,,,
441,文章,jp6,5;,,,,,,,ㄨㄣˊ,ㄓㄤ,,,,,,
442,房間,z;6,ru0,,,,,,,ㄈㄤˊ,ㄐㄧㄢ,,,,,,
443,河流,ck6,xu.6,,,,,,,ㄏㄜˊ,ㄌㄧㄡˊ,,,,,,
444,家人,ru8,bp6,,,,,,,ㄐㄧㄚ,ㄖㄣˊ,,,,,,
445,包括,1l,dji4,,,,,,,ㄅㄠ,ㄎㄨㄛˋ,,,,,,
446,古代,ej3,294,,,,,,,ㄍㄨˇ,ㄉㄞˋ,,,,,,
447,生氣,g/,fu4,,,,,,,ㄕㄥ,ㄑㄧˋ,,,,,,
448,老鼠,xl3,gj3,,,,,,,ㄌㄠˇ,ㄕㄨˇ,,,,,,
449,適當,g4,2;4,,,,,,,ㄕˋ,ㄉㄤˋ,,,,,,
450,白色,196,nk4,,,,,,,ㄅㄞˊ,ㄙㄜˋ,,,,,,
451,依照,u,5l4,,,,,,,ㄧ,ㄓㄠˋ,,,,,,
452,欣賞,vup,g;3,,,,,,,ㄒㄧㄣ,ㄕㄤˇ,,,,,,
453,相關,vu;,ej0,,,,,,,ㄒㄧㄤ,ㄍㄨㄢ,,,,,,
454,校園,vul4,m06,,,,,,,ㄒㄧㄠˋ,ㄩㄢˊ,,,,,,
455,祝福,5j4,zj6,,,,,,,ㄓㄨˋ,ㄈㄨˊ,,,,,,
456,人體,bp6,wu3,,,,,,,ㄖㄣˊ,ㄊㄧˇ,,,,,,
457,人口,bp6,d.3,,,,,,,ㄖㄣˊ,ㄎㄡˇ,,,,,,
458,夫人,zj,bp6,,,,,,,ㄈㄨ,ㄖㄣˊ,,,,,,
459,用法,m/4,z83,,,,,,,ㄩㄥˋ,ㄈㄚˇ,,,,,,
460,早上,yl3,g;4,,,,,,,ㄗㄠˇ,ㄕㄤˋ,,,,,,
461,是否,g4,z.3,,,,,,,ㄕˋ,ㄈㄡˇ,,,,,,
462,國小,eji6,vul3,,,,,,,ㄍㄨㄛˊ,ㄒㄧㄠˇ,,,,,,
463,想到,vu;3,2l4,,,,,,,ㄒㄧㄤˇ,ㄉㄠˋ,,,,,,
464,遇到,m4,2l4,,,,,,,ㄩˋ,ㄉㄠˋ,,,,,,
465,舉行,rm3,vu/6,,,,,,,ㄐㄩˇ,ㄒㄧㄥˊ,,,,,,
466,簡單,ru03,20,,,,,,,ㄐㄧㄢˇ,ㄉㄢ,,,,,,
467,題目,wu6,aj4,,,,,,,ㄊㄧˊ,ㄇㄨˋ,,,,,,
468,打開,283,d9,,,,,,,ㄉㄚˇ,ㄎㄞ,,,,,,
469,有關,u.3,ej0,,,,,,,ㄧㄡˇ,ㄍㄨㄢ,,,,,,
470,岩石,u06,g6,,,,,,,ㄧㄢˊ,ㄕˊ,,,,,,
471,或是,cji4,g4,,,,,,,ㄏㄨㄛˋ,ㄕˋ,,,,,,
472,組成,yj3,t/6,,,,,,,ㄗㄨˇ,ㄔㄥˊ,,,,,,
473,溫度,jp,2j4,,,,,,,ㄨㄣ,ㄉㄨˋ,,,,,,
474,幫忙,1;,a;6,,,,,,,ㄅㄤ,ㄇㄤˊ,,,,,,
475,幸福,vu/4,zj6,,,,,,,ㄒㄧㄥˋ,ㄈㄨˊ,,,,,,
476,能力,s/6,xu4,,,,,,,ㄋㄥˊ,ㄌㄧˋ,,,,,,
477,漸漸,ru04,ru04,,,,,,,ㄐㄧㄢˋ,ㄐㄧㄢˋ,,,,,,
478,休息,vu.,vu6,,,,,,,ㄒㄧㄡ,ㄒㄧˊ,,,,,,
479,物體,j4,wu3,,,,,,,ㄨˋ,ㄊㄧˇ,,,,,,
480,速度,nj4,2j4,,,,,,,ㄙㄨˋ,ㄉㄨˋ,,,,,,
481,繩子,g/6,y7,,,,,,,ㄕㄥˊ,ㄗ˙,,,,,,
482,關心,ej0,vup,,,,,,,ㄍㄨㄢ,ㄒㄧㄣ,,,,,,
483,牙齒,u86,t3,,,,,,,ㄧㄚˊ,ㄔˇ,,,,,,
484,偉大,jo3,284,,,,,,,ㄨㄟˇ,ㄉㄚˋ,,,,,,
485,通常,wj/,t;6,,,,,,,ㄊㄨㄥ,ㄔㄤˊ,,,,,,
486,答應,28,u/4,,,,,,,ㄉㄚ,ㄧㄥˋ,,,,,,
487,不敢,1j4,e03,,,,,,,ㄅㄨˋ,ㄍㄢˇ,,,,,,
488,可怕,dk3,q84,,,,,,,ㄎㄜˇ,ㄆㄚˋ,,,,,,
489,正在,5/4,y94,,,,,,,ㄓㄥˋ,ㄗㄞˋ,,,,,,
490,念一念,su04,u6,su04,,,,,,ㄋㄧㄢˋ,ㄧˊ,ㄋㄧㄢˋ,,,,,
491,怎麼辦,yp3,ai7,104,,,,,,ㄗㄣˇ,ㄇㄛ˙,ㄅㄢˋ,,,,,
492,旁邊,q;6,1u0,,,,,,,ㄆㄤˊ,ㄅㄧㄢ,,,,,,
493,製作,54,yji4,,,,,,,ㄓˋ,ㄗㄨㄛˋ,,,,,,
494,有時,u.3,g6,,,,,,,ㄧㄡˇ,ㄕˊ,,,,,,
495,飛機,zo,ru,,,,,,,ㄈㄟ,ㄐㄧ,,,,,,
496,帶來,294,x96,,,,,,,ㄉㄞˋ,ㄌㄞˊ,,,,,,
497,單位,20,jo4,,,,,,,ㄉㄢ,ㄨㄟˋ,,,,,,
498,經濟,ru/,ru4,,,,,,,ㄐㄧㄥ,ㄐㄧˋ,,,,,,
499,力量,xu4,xu;4,,,,,,,ㄌㄧˋ,ㄌㄧㄤˋ,,,,,,
500,不用,1j6,m/4,,,,,,,ㄅㄨˊ,ㄩㄥˋ,,,,,,
501,用力,m/4,xu4,,,,,,,ㄩㄥˋ,ㄌㄧˋ,,,,,,
502,形容,vu/6,bj/6,,,,,,,ㄒㄧㄥˊ,ㄖㄨㄥˊ,,,,,,
503,部首,1j4,g.3,,,,,,,ㄅㄨˋ,ㄕㄡˇ,,,,,,
504,逐漸,5j6,ru04,,,,,,,ㄓㄨˊ,ㄐㄧㄢˋ,,,,,,
505,合作,ck6,yji42,,,,,,,ㄏㄜˊ,ㄗㄨㄛˋ,,,,,,
506,考試,dl3,g4,,,,,,,ㄎㄠˇ,ㄕˋ,,,,,,
507,政府,5/4,zj3,,,,,,,ㄓㄥˋ,ㄈㄨˇ,,,,,,
508,重量,5j/4,xu;4,,,,,,,ㄓㄨㄥˋ,ㄌㄧㄤˋ,,,,,,
509,溫暖,jp,sj03,,,,,,,ㄨㄣ,ㄋㄨㄢˇ,,,,,,
510,經常,ru/,t;6,,,,,,,ㄐㄧㄥ,ㄔㄤˊ,,,,,,
511,舉辦,rm3,104,,,,,,,ㄐㄩˇ,ㄅㄢˋ,,,,,,
512,生日,g/,b4,,,,,,,ㄕㄥ,ㄖˋ,,,,,,
513,宇宙,m3,5.4,,,,,,,ㄩˇ,ㄓㄡˋ,,,,,,
514,含有,c06,u.3,,,,,,,ㄏㄢˊ,ㄧㄡˇ,,,,,,
515,表演,1ul3,u03,,,,,,,ㄅㄧㄠˇ,ㄧㄢˇ,,,,,,
516,相當,vu;,2;,,,,,,,ㄒㄧㄤ,ㄉㄤ,,,,,,
517,處理,tj3,xu3,,,,,,,ㄔㄨˇ,ㄌㄧˇ,,,,,,
518,竟然,ru/4,b06,,,,,,,ㄐㄧㄥˋ,ㄖㄢˊ,,,,,,
519,愉快,m6,dj94,,,,,,,ㄩˊ,ㄎㄨㄞˋ,,,,,,
520,猴子,c.6,y7,,,,,,,ㄏㄡˊ,ㄗ˙,,,,,,
521,大自然,284,y4,b06,,,,,,ㄉㄚˋ,ㄗˋ,ㄖㄢˊ,,,,,
522,老人,xl3,bp6,,,,,,,ㄌㄠˇ,ㄖㄣˊ,,,,,,
523,小時,vul3,g6,,,,,,,ㄒㄧㄠˇ,ㄕˊ,,,,,,
524,不怕,1j6,q84,,,,,,,ㄅㄨˊ,ㄆㄚˋ,,,,,,
525,孔子,dj/3,y3,,,,,,,ㄎㄨㄥˇ,ㄗˇ,,,,,,
526,找出,5l3,tj,,,,,,,ㄓㄠˇ,ㄔㄨ,,,,,,
527,思考,n,dl3,,,,,,,ㄙ,ㄎㄠˇ,,,,,,
528,真正,5p,5/4,,,,,,,ㄓㄣ,ㄓㄥˋ,,,,,,
529,特色,wk4,nk4,,,,,,,ㄊㄜˋ,ㄙㄜˋ,,,,,,
530,做法,yji4,z83,,,,,,,ㄗㄨㄛˋ,ㄈㄚˇ,,,,,,
531,動作,2j/4,yji4,,,,,,,ㄉㄨㄥˋ,ㄗㄨㄛˋ,,,,,,
532,梅花,ao6,cj8,,,,,,,ㄇㄟˊ,ㄏㄨㄚ,,,,,,
533,大意,284,u4,,,,,,,ㄉㄚˋ,ㄧˋ,,,,,,
534,不管,1j4,ej03,,,,,,,ㄅㄨˋ,ㄍㄨㄢˇ,,,,,,
535,心情,vup,fu/6,,,,,,,ㄒㄧㄣ,ㄑㄧㄥˊ,,,,,,
536,危險,jo6,vu03,,,,,,,ㄨㄟˊ,ㄒㄧㄢˇ,,,,,,
537,好玩,cl3,j06,,,cl4,j06,,,ㄏㄠˇ,ㄨㄢˊ,,,ㄏㄠˋ,ㄨㄢˊ,,
538,伯伯,1i6,1i7,,,1i6,1i6,,,ㄅㄛˊ,ㄅㄛ˙,,,ㄅㄛˊ,ㄅㄛˊ,,
539,材料,h96,xul4,,,,,,,ㄘㄞˊ,ㄌㄧㄠˋ,,,,,,
540,消息,vul,vu6,,,,,,,ㄒㄧㄠ,ㄒㄧˊ,,,,,,
541,擔心,20,vup,,,,,,,ㄉㄢ,ㄒㄧㄣ,,,,,,
542,正確,5/4,"fm,4",,,,,,,ㄓㄥˋ,ㄑㄩㄝˋ,,,,,,
543,作業,yji4,"u,4",,,,,,,ㄗㄨㄛˋ,ㄧㄝˋ,,,,,,
544,困難,djp4,s06,,,,,,,ㄎㄨㄣˋ,ㄋㄢˊ,,,,,,
545,果然,eji3,b06,,,,,,,ㄍㄨㄛˇ,ㄖㄢˊ,,,,,,
546,害怕,c94,q84,,,,,,,ㄏㄞˋ,ㄆㄚˋ,,,,,,
547,藍色,x06,nk4,,,,,,,ㄌㄢˊ,ㄙㄜˋ,,,,,,
548,小明,vul3,au/6,,,,,,,ㄒㄧㄠˇ,ㄇㄧㄥˊ,,,,,,
549,車子,tk,y7,,,,,,,ㄔㄜ,ㄗ˙,,,,,,
550,肚子,2j4,y7,,,,,,,ㄉㄨˋ,ㄗ˙,,,,,,
551,妻子,fu,y3,,,,,,,ㄑㄧ,ㄗˇ,,,,,,
552,一面,u6,au04,,,,,,,ㄧˊ,ㄇㄧㄢˋ,,,,,,
553,月球,"m,4",fu.6,,,,,,,ㄩㄝˋ,ㄑㄧㄡˊ,,,,,,
554,根本,ep,1p3,,,,,,,ㄍㄣ,ㄅㄣˇ,,,,,,
555,圖形,wj6,vu/6,,,,,,,ㄊㄨˊ,ㄒㄧㄥˊ,,,,,,
556,綠色,xm4,nk4,,,,,,,ㄌㄩˋ,ㄙㄜˋ,,,,,,
557,不再,1j6,y94,,,,,,,ㄅㄨˊ,ㄗㄞˋ,,,,,,
558,外面,j94,au04,,,,,,,ㄨㄞˋ,ㄇㄧㄢˋ,,,,,,
559,皇帝,cj;6,2u4,,,,,,,ㄏㄨㄤˊ,ㄉㄧˋ,,,,,,
560,計算,ru4,nj04,,,,,,,ㄐㄧˋ,ㄙㄨㄢˋ,,,,,,
561,唱歌,t;4,ek,,,,,,,ㄔㄤˋ,ㄍㄜ,,,,,,
562,熱鬧,bk4,sl4,,,,,,,ㄖㄜˋ,ㄋㄠˋ,,,,,,
563,親愛,fup,94,,,,,,,ㄑㄧㄣ,ㄞˋ,,,,,,
564,體積,wu3,ru,,,,,,,ㄊㄧˇ,ㄐㄧ,,,,,,
565,小心,vul3,vup,,,,,,,ㄒㄧㄠˇ,ㄒㄧㄣ,,,,,,
566,之後,5,c.4,,,,,,,ㄓ,ㄏㄡˋ,,,,,,
567,順序,gjp4,vm4,,,,,,,ㄕㄨㄣˋ,ㄒㄩˋ,,,,,,
568,解題,"ru,3",wu6,,,,,,,ㄐㄧㄝˇ,ㄊㄧˊ,,,,,,
569,文字,jp6,y4,,,,,,,ㄨㄣˊ,ㄗˋ,,,,,,
570,全部,fm06,1j4,,,,,,,ㄑㄩㄢˊ,ㄅㄨˋ,,,,,,
571,成長,t/6,5;3,,,,,,,ㄔㄥˊ,ㄓㄤˇ,,,,,,
572,服務,zj6,j4,,,,,,,ㄈㄨˊ,ㄨˋ,,,,,,
573,剩下,g/4,vu84,,,,,,,ㄕㄥˋ,ㄒㄧㄚˋ,,,,,,
574,電視,2u04,g4,,,,,,,ㄉㄧㄢˋ,ㄕˋ,,,,,,
575,計算,ru4,nj04,,,,,,,ㄐㄧˋ,ㄙㄨㄢˋ,,,,,,
576,範例,z04,xu4,,,,,,,ㄈㄢˋ,ㄌㄧˋ,,,,,,
577,小孩,vul3,c96,,,,,,,ㄒㄧㄠˇ,ㄏㄞˊ,,,,,,
578,小姐,vul3,"ru,3",,,,,,,ㄒㄧㄠˇ,ㄐㄧㄝˇ,,,,,,
579,特殊,wk4,gj,,,,,,,ㄊㄜˋ,ㄕㄨ,,,,,,
580,喜愛,vu3,94,,,,,,,ㄒㄧˇ,ㄞˋ,,,,,,
581,聽說,wu/,gji,,,,,,,ㄊㄧㄥ,ㄕㄨㄛ,,,,,,
582,生產,g/,t03,,,,,,,ㄕㄥ,ㄔㄢˇ,,,,,,
583,收穫,g.,cji4,,,,,,,ㄕㄡ,ㄏㄨㄛˋ,,,,,,
584,夏天,vu84,wu0,,,,,,,ㄒㄧㄚˋ,ㄊㄧㄢ,,,,,,
585,從前,hj/6,fu06,,,,,,,ㄘㄨㄥˊ,ㄑㄧㄢˊ,,,,,,
586,然而,b06,-6,,,,,,,ㄖㄢˊ,ㄦˊ,,,,,,
587,畫出,cj84,tj,,,,,,,ㄏㄨㄚˋ,ㄔㄨ,,,,,,
588,經驗,ru/,u04,,,,,,,ㄐㄧㄥ,ㄧㄢˋ,,,,,,
589,一半,u6,104,,,,,,,ㄧˊ,ㄅㄢˋ,,,,,,
590,即使,ru6,g3,,,,,,,ㄐㄧˊ,ㄕˇ,,,,,,
591,更是,e/4,g4,,,,,,,ㄍㄥˋ,ㄕˋ,,,,,,
592,叔叔,gj6,gj7,,,gj6,gj6,,,ㄕㄨˊ,ㄕㄨ˙,,,ㄕㄨˊ,ㄕㄨˊ,,
593,留下,xu.6,vu84,,,,,,,ㄌㄧㄡˊ,ㄒㄧㄚˋ,,,,,,
594,解釋,"ru,3",g4,,,,,,,ㄐㄧㄝˇ,ㄕˋ,,,,,,
595,火車,cji3,tk,,,,,,,ㄏㄨㄛˇ,ㄔㄜ,,,,,,
596,民族,aup6,yj6,,,,,,,ㄇㄧㄣˊ,ㄗㄨˊ,,,,,,
597,要求,ul,fu.6,,,,,,,ㄧㄠ,ㄑㄧㄡˊ,,,,,,
598,情況,fu/6,dj;4,,,,,,,ㄑㄧㄥˊ,ㄎㄨㄤˋ,,,,,,
599,從此,hj/6,h3,,,,,,,ㄘㄨㄥˊ,ㄘˇ,,,,,,
600,移動,u6,2j/4,,,,,,,ㄧˊ,ㄉㄨㄥˋ,,,,,,
601,進去,rup4,fm4,,,,,,,ㄐㄧㄣˋ,ㄑㄩˋ,,,,,,
602,網路,j;3,xj4,,,,,,,ㄨㄤˇ,ㄌㄨˋ,,,,,,
603,整理,5/3,xu3,,,,,,,ㄓㄥˇ,ㄌㄧˇ,,,,,,
604,上網,g;4,j;3,,,,,,,ㄕㄤˋ,ㄨㄤˇ,,,,,,
605,方便,z;,1u04,,,,,,,ㄈㄤ,ㄅㄧㄢˋ,,,,,,
606,本來,1p3,x96,,,,,,,ㄅㄣˇ,ㄌㄞˊ,,,,,,
607,成績,t/6,ru,,,,,,,ㄔㄥˊ,ㄐㄧ,,,,,,
608,有空,u.3,dj/4,,,,,,,ㄧㄡˇ,ㄎㄨㄥˋ,,,,,,
609,吸收,vu,g.,,,,,,,ㄒㄧ,ㄕㄡ,,,,,,
610,保持,1l3,t6,,,,,,,ㄅㄠˇ,ㄔˊ,,,,,,
611,紅色,cj/6,nk4,,,,,,,ㄏㄨㄥˊ,ㄙㄜˋ,,,,,,
612,拿出,s86,tj,,,,,,,ㄋㄚˊ,ㄔㄨ,,,,,,
613,教學,rul4,"vm,6",,,rul,"vm,6",,,ㄐㄧㄠˋ,ㄒㄩㄝˊ,,,ㄐㄧㄠ,ㄒㄩㄝˊ,,
614,運用,mp4,m/4,,,,,,,ㄩㄣˋ,ㄩㄥˋ,,,,,,
615,應用,u/4,m/4,,,,,,,ㄧㄥˋ,ㄩㄥˋ,,,,,,
616,不一樣,1j4,u6,u;4,,,,,,ㄅㄨˋ,ㄧˊ,ㄧㄤˋ,,,,,
617,可憐,dk3,xu06,,,,,,,ㄎㄜˇ,ㄌㄧㄢˊ,,,,,,
618,尾巴,jo3,187,,,u3,187,,,ㄨㄟˇ,ㄅㄚ˙,,,ㄧˇ,ㄅㄚ˙,,
619,科學家,dk,"vm,6",ru8,,,,,,ㄎㄜ,ㄒㄩㄝˊ,ㄐㄧㄚ,,,,,
620,教育部,rul4,m4,1j4,,,,,,ㄐㄧㄠˋ,ㄩˋ,ㄅㄨˋ,,,,,
621,照樣,5l4,u;4,,,,,,,ㄓㄠˋ,ㄧㄤˋ,,,,,,
622,臺北市,w96,1o3,g4,,,,,,ㄊㄞˊ,ㄅㄟˇ,ㄕˋ,,,,,
623,少年,gl4,su06,,,,,,,ㄕㄠˋ,ㄋㄧㄢˊ,,,,,,
624,多麼,2ji6,ai7,,,,,,,ㄉㄨㄛˊ,ㄇㄛ˙,,,,,,
625,科技,dk,ru4,,,,,,,ㄎㄜ,ㄐㄧˋ,,,,,,
626,意見,u4,ru04,,,,,,,ㄧˋ,ㄐㄧㄢˋ,,,,,,
627,興奮,vu/,zp4,,,,,,,ㄒㄧㄥ,ㄈㄣˋ,,,,,,
628,頭髮,w.6,z83,,,,,,,ㄊㄡˊ,ㄈㄚˇ,,,,,,
629,一片,u6,qu04,,,,,,,ㄧˊ,ㄆㄧㄢˋ,,,,,,
630,也許,"u,3",vm3,,,,,,,ㄧㄝˇ,ㄒㄩˇ,,,,,,
631,大聲,284,g/,,,,,,,ㄉㄚˋ,ㄕㄥ,,,,,,
632,中心,5j/,vup,,,,,,,ㄓㄨㄥ,ㄒㄧㄣ,,,,,,
633,公升,ej/,g/,,,,,,,ㄍㄨㄥ,ㄕㄥ,,,,,,
634,分數,zp,gj4,,,,,,,ㄈㄣ,ㄕㄨˋ,,,,,,
635,自由,y4,u.6,,,,,,,ㄗˋ,ㄧㄡˊ,,,,,,
636,國字,eji6,y4,,,,,,,ㄍㄨㄛˊ,ㄗˋ,,,,,,
637,減少,ru03,gl3,,,,,,,ㄐㄧㄢˇ,ㄕㄠˇ,,,,,,
638,進來,rup4,x96,,,,,,,ㄐㄧㄣˋ,ㄌㄞˊ,,,,,,
639,感動,e03,2j/4,,,,,,,ㄍㄢˇ,ㄉㄨㄥˋ,,,,,,
640,演出,u03,tj,,,,,,,ㄧㄢˇ,ㄔㄨ,,,,,,
641,團體,wj06,wu3,,,,,,,ㄊㄨㄢˊ,ㄊㄧˇ,,,,,,
642,睡覺,gjo4,rul4,,,,,,,ㄕㄨㄟˋ,ㄐㄧㄠˋ,,,,,,
643,大地,284,2u4,,,,,,,ㄉㄚˋ,ㄉㄧˋ,,,,,,
644,加入,ru8,bj4,,,,,,,ㄐㄧㄚ,ㄖㄨˋ,,,,,,
645,沒想到,ao6,vu;3,2l4,,,,,,ㄇㄟˊ,ㄒㄧㄤˇ,ㄉㄠˋ,,,,,
646,秦朝,fup6,tl6,,,,,,,ㄑㄧㄣˊ,ㄔㄠˊ,,,,,,
647,描寫,aul6,"vu,3",,,,,,,ㄇㄧㄠˊ,ㄒㄧㄝˇ,,,,,,
648,趕緊,e03,rup3,,,,,,,ㄍㄢˇ,ㄐㄧㄣˇ,,,,,,
649,醫生,u,g/,,,,,,,ㄧ,ㄕㄥ,,,,,,
650,皮膚,qu6,zj,,,,,,,ㄆㄧˊ,ㄈㄨ,,,,,,
651,行為,vu/6,jo6,,,,,,,ㄒㄧㄥˊ,ㄨㄟˊ,,,,,,
652,負責,zj4,yk6,,,,,,,ㄈㄨˋ,ㄗㄜˊ,,,,,,
653,現代,vu04,294,,,,,,,ㄒㄧㄢˋ,ㄉㄞˋ,,,,,,
654,緊張,rup3,5;,,,,,,,ㄐㄧㄣˇ,ㄓㄤ,,,,,,
655,女孩,sm3,c96,,,,,,,ㄋㄩˇ,ㄏㄞˊ,,,,,,
656,大概,284,e94,,,,,,,ㄉㄚˋ,ㄍㄞˋ,,,,,,
657,分為,zp,jo6,,,,,,,ㄈㄣ,ㄨㄟˊ,,,,,,
658,技術,ru4,gj4,,,,,,,ㄐㄧˋ,ㄕㄨˋ,,,,,,
659,吸引,vu,up3,,,,,,,ㄒㄧ,ㄧㄣˇ,,,,,,
660,建立,ru04,xu4,,,,,,,ㄐㄧㄢˋ,ㄌㄧˋ,,,,,,
661,星期,vu/,fu6,,,,,,,ㄒㄧㄥ,ㄑㄧˊ,,,,,,
662,翅膀,t4,1;3,,,,,,,ㄔˋ,ㄅㄤˇ,,,,,,
663,院子,m04,y7,,,,,,,ㄩㄢˋ,ㄗ˙,,,,,,
664,著名,5j4,au/6,,,,,,,ㄓㄨˋ,ㄇㄧㄥˊ,,,,,,
665,試試看,g4,g4,d04,,,,,,ㄕˋ,ㄕˋ,ㄎㄢˋ,,,,,
666,輔導,zj3,2l3,,,,,,,ㄈㄨˇ,ㄉㄠˇ,,,,,,
667,主題,5j3,wu6,,,,,,,ㄓㄨˇ,ㄊㄧˊ,,,,,,
668,民眾,aup6,5j/4,,,,,,,ㄇㄧㄣˊ,ㄓㄨㄥˋ,,,,,,
669,竹子,5j6,y7,,,,,,,ㄓㄨˊ,ㄗ˙,,,,,,
670,似乎,n4,cj,,,,,,,ㄙˋ,ㄏㄨ,,,,,,
671,直接,56,"ru,",,,,,,,ㄓˊ,ㄐㄧㄝ,,,,,,
672,家鄉,ru8,vu;,,,,,,,ㄐㄧㄚ,ㄒㄧㄤ,,,,,,
673,時期,g6,fu6,,,,,,,ㄕˊ,ㄑㄧˊ,,,,,,
674,紛紛,zp,zp,,,,,,,ㄈㄣ,ㄈㄣ,,,,,,
675,連接,xu06,"ru,",,,,,,,ㄌㄧㄢˊ,ㄐㄧㄝ,,,,,,
676,數學,gj4,"vm,6",,,,,,,ㄕㄨˋ,ㄒㄩㄝˊ,,,,,,
677,人員,bp6,m06,,,,,,,ㄖㄣˊ,ㄩㄢˊ,,,,,,
678,下雨,vu84,m3,,,,,,,ㄒㄧㄚˋ,ㄩˇ,,,,,,
679,土地,wj3,2u4,,,,,,,ㄊㄨˇ,ㄉㄧˋ,,,,,,
680,土壤,wj3,b;3,,,,,,,ㄊㄨˇ,ㄖㄤˇ,,,,,,
681,未來,jo4,x96,,,,,,,ㄨㄟˋ,ㄌㄞˊ,,,,,,
682,長方形,t;6,z;,vu/6,,,,,,ㄔㄤˊ,ㄈㄤ,ㄒㄧㄥˊ,,,,,
683,表面,1ul3,au04,,,,,,,ㄅㄧㄠˇ,ㄇㄧㄢˋ,,,,,,
684,青蛙,fu/,j8,,,,,,,ㄑㄧㄥ,ㄨㄚ,,,,,,
685,怎麼樣,yp3,ai7,u;4,,,,,,ㄗㄣˇ,ㄇㄛ˙,ㄧㄤˋ,,,,,
686,思想,n,vu;3,,,,,,,ㄙ,ㄒㄧㄤˇ,,,,,,
687,計畫,ru4,cj84,,,,,,,ㄐㄧˋ,ㄏㄨㄚˋ,,,,,,
688,個人,ek4,bp6,,,,,,,ㄍㄜˋ,ㄖㄣˊ,,,,,,
689,孫悟空,njp,j4,dj/,,,,,,ㄙㄨㄣ,ㄨˋ,ㄎㄨㄥ,,,,,
690,將來,ru;,x96,,,,,,,ㄐㄧㄤ,ㄌㄞˊ,,,,,,
691,鳥類,sul3,xo4,,,,,,,ㄋㄧㄠˇ,ㄌㄟˋ,,,,,,
692,結構,"ru,6",e.4,,,,,,,ㄐㄧㄝˊ,ㄍㄡˋ,,,,,,
693,構造,e.4,yl4,,,,,,,ㄍㄡˋ,ㄗㄠˋ,,,,,,
694,種類,5j/3,xo4,,,,,,,ㄓㄨㄥˇ,ㄌㄟˋ,,,,,,
695,製造,54,yl4,,,,,,,ㄓˋ,ㄗㄠˋ,,,,,,
696,選擇,vm03,yk6,,,,,,,ㄒㄩㄢˇ,ㄗㄜˊ,,,,,,
697,汽車,fu4,tk,,,,,,,ㄑㄧˋ,ㄔㄜ,,,,,,
698,呼吸,cj,vu,,,,,,,ㄏㄨ,ㄒㄧ,,,,,,
699,果實,eji3,g6,,,,,,,ㄍㄨㄛˇ,ㄕˊ,,,,,,
700,客人,dk4,bp6,,,,,,,ㄎㄜˋ,ㄖㄣˊ,,,,,,
701,旅行,xm3,vu/6,,,,,,,ㄌㄩˇ,ㄒㄧㄥˊ,,,,,,
702,基本,ru,1p3,,,,,,,ㄐㄧ,ㄅㄣˇ,,,,,,
703,暑假,gj3,ru84,,,,,,,ㄕㄨˇ,ㄐㄧㄚˋ,,,,,,
704,測量,hk4,xu;6,,,,,,,ㄘㄜˋ,ㄌㄧㄤˊ,,,,,,
705,開心,d9,vup,,,,,,,ㄎㄞ,ㄒㄧㄣ,,,,,,
706,態度,w94,2j4,,,,,,,ㄊㄞˋ,ㄉㄨˋ,,,,,,
707,說出,gji,tj,,,,,,,ㄕㄨㄛ,ㄔㄨ,,,,,,
708,難道,s06,2l4,,,,,,,ㄋㄢˊ,ㄉㄠˋ,,,,,,
709,聽見,wu/,ru04,,,,,,,ㄊㄧㄥ,ㄐㄧㄢˋ,,,,,,
710,人數,bp6,gj4,,,,,,,ㄖㄣˊ,ㄕㄨˋ,,,,,,
711,力氣,xu4,fu4,,,,,,,ㄌㄧˋ,ㄑㄧˋ,,,,,,
712,主任,5j3,bp4,,,,,,,ㄓㄨˇ,ㄖㄣˋ,,,,,,
713,生病,g/,1u/4,,,,,,,ㄕㄥ,ㄅㄧㄥˋ,,,,,,
714,忘記,j;4,ru4,,,,,,,ㄨㄤˋ,ㄐㄧˋ,,,,,,
715,見到,ru04,2l4,,,,,,,ㄐㄧㄢˋ,ㄉㄠˋ,,,,,,
716,放學,z;4,"vm,6",,,,,,,ㄈㄤˋ,ㄒㄩㄝˊ,,,,,,
717,展出,503,tj,,,,,,,ㄓㄢˇ,ㄔㄨ,,,,,,
718,國中,eji6,5j/,,,,,,,ㄍㄨㄛˊ,ㄓㄨㄥ,,,,,,
719,提出,wu6,tj,,,,,,,ㄊㄧˊ,ㄔㄨ,,,,,,
720,鼓勵,ej3,xu4,,,,,,,ㄍㄨˇ,ㄌㄧˋ,,,,,,
721,鋼琴,e;,fup6,,,,,,,ㄍㄤ,ㄑㄧㄣˊ,,,,,,
722,難過,s06,eji4,,,,,,,ㄋㄢˊ,ㄍㄨㄛˋ,,,,,,
723,不肯,1j4,dp3,,,,,,,ㄅㄨˋ,ㄎㄣˇ,,,,,,
724,耳朵,-3,2ji7,,,-3,2ji3,,,ㄦˇ,ㄉㄨㄛ˙,,,ㄦˇ,ㄉㄨㄛˇ,,
725,否則,z.3,yk6,,,,,,,ㄈㄡˇ,ㄗㄜˊ,,,,,,
726,姑娘,ej,su;7,,,ej,su;6,,,ㄍㄨ,ㄋㄧㄤ˙,,,ㄍㄨ,ㄋㄧㄤˊ,,
727,紀錄,ru4,xj4,,,,,,,ㄐㄧˋ,ㄌㄨˋ,,,,,,
728,英國,u/,eji6,,,,,,,ㄧㄥ,ㄍㄨㄛˊ,,,,,,
729,報告,1l4,el4,,,,,,,ㄅㄠˋ,ㄍㄠˋ,,,,,,
730,不會,1j6,cjo4,,,,,,,ㄅㄨˊ,ㄏㄨㄟˋ,,,,,,
731,農夫,sj/6,zj,,,,,,,ㄋㄨㄥˊ,ㄈㄨ,,,,,,
732,敵人,2u6,bp6,,,,,,,ㄉㄧˊ,ㄖㄣˊ,,,,,,
733,燈泡,2/,ql4,,,,,,,ㄉㄥ,ㄆㄠˋ,,,,,,
734,頭腦,w.6,sl3,,,,,,,ㄊㄡˊ,ㄋㄠˇ,,,,,,
735,工具,ej/,rm4,,,,,,,ㄍㄨㄥ,ㄐㄩˋ,,,,,,
736,反而,z03,-6,,,,,,,ㄈㄢˇ,ㄦˊ,,,,,,
737,四周,n4,5.,,,,,,,ㄙˋ,ㄓㄡ,,,,,,
738,目標,aj4,1ul,,,,,,,ㄇㄨˋ,ㄅㄧㄠ,,,,,,
739,成就,t/6,ru.4,,,,,,,ㄔㄥˊ,ㄐㄧㄡˋ,,,,,,
740,玩具,j06,rm4,,,,,,,ㄨㄢˊ,ㄐㄩˋ,,,,,,
741,指導,53,2l3,,,,,,,ㄓˇ,ㄉㄠˇ,,,,,,
742,飛行,zo,vu/6,,,,,,,ㄈㄟ,ㄒㄧㄥˊ,,,,,,
743,氣溫,fu4,jp,,,,,,,ㄑㄧˋ,ㄨㄣ,,,,,,
744,班級,10,ru6,,,,,,,ㄅㄢ,ㄐㄧˊ,,,,,,
745,痛苦,wj/4,dj3,,,,,,,ㄊㄨㄥˋ,ㄎㄨˇ,,,,,,
746,獅子,g,y7,,,,,,,ㄕ,ㄗ˙,,,,,,
747,大海,284,c93,,,,,,,ㄉㄚˋ,ㄏㄞˇ,,,,,,
748,大量,284,xu;4,,,,,,,ㄉㄚˋ,ㄌㄧㄤˋ,,,,,,
749,不僅,1j4,rup3,,,,,,,ㄅㄨˋ,ㄐㄧㄣˇ,,,,,,
750,天下,wu0,vu84,,,,,,,ㄊㄧㄢ,ㄒㄧㄚˋ,,,,,,
751,日期,b4,fu6,,,,,,,ㄖˋ,ㄑㄧˊ,,,,,,
752,巨大,rm4,284,,,,,,,ㄐㄩˋ,ㄉㄚˋ,,,,,,
753,老婆婆,xl3,qi6,qi7,,xl3,qi6,qi6,,ㄌㄠˇ,ㄆㄛˊ,ㄆㄛ˙,,ㄌㄠˇ,ㄆㄛˊ,ㄆㄛˊ,
754,老公公,xl3,ej/,ej/7,,xl3,ej/,ej/,,ㄌㄠˇ,ㄍㄨㄥ,ㄍㄨㄥ˙,,ㄌㄠˇ,ㄍㄨㄥ,ㄍㄨㄥ,
755,季節,ru4,"ru,6",,,,,,,ㄐㄧˋ,ㄐㄧㄝˊ,,,,,,
756,建議,ru04,u4,,,,,,,ㄐㄧㄢˋ,ㄧˋ,,,,,,
757,國際,eji6,ru4,,,,,,,ㄍㄨㄛˊ,ㄐㄧˋ,,,,,,
758,類似,xo4,n4,,,,,,,ㄌㄟˋ,ㄙˋ,,,,,,
759,太空,w94,dj/,,,,,,,ㄊㄞˋ,ㄎㄨㄥ,,,,,,
760,作為,yji4,jo6,,,,,,,ㄗㄨㄛˋ,ㄨㄟˊ,,,,,,
761,或者,cji4,5k3,,,,,,,ㄏㄨㄛˋ,ㄓㄜˇ,,,,,,
762,要是,ul4,g4,,,,,,,ㄧㄠˋ,ㄕˋ,,,,,,
763,面前,au04,fu06,,,,,,,ㄇㄧㄢˋ,ㄑㄧㄢˊ,,,,,,
764,氣候,fu4,c.4,,,,,,,ㄑㄧˋ,ㄏㄡˋ,,,,,,
765,乾淨,e0,ru/4,,,,,,,ㄍㄢ,ㄐㄧㄥˋ,,,,,,
766,接近,"ru,",rup4,,,,,,,ㄐㄧㄝ,ㄐㄧㄣˋ,,,,,,
767,透過,w.4,eji4,,,,,,,ㄊㄡˋ,ㄍㄨㄛˋ,,,,,,
768,等待,2/3,294,,,,,,,ㄉㄥˇ,ㄉㄞˋ,,,,,,
769,傷心,g;,vup,,,,,,,ㄕㄤ,ㄒㄧㄣ,,,,,,
770,照片,5l4,qu04,,,5l4,qu0,,,ㄓㄠˋ,ㄆㄧㄢˋ,,,ㄓㄠˋ,ㄆㄧㄢ,,
771,台灣人,w96,j0,bp6,,,,,,ㄊㄞˊ,ㄨㄢ,ㄖㄣˊ,,,,,
772,既然,ru4,b06,,,,,,,ㄐㄧˋ,ㄖㄢˊ,,,,,,
773,原理,m06,xu3,,,,,,,ㄩㄢˊ,ㄌㄧˇ,,,,,,
774,骨骼,ej3,ek6,,,,,,,ㄍㄨˇ,ㄍㄜˊ,,,,,,
775,尋找,vmp6,5l3,,,,,,,ㄒㄩㄣˊ,ㄓㄠˇ,,,,,,
776,樹木,gj4,aj4,,,,,,,ㄕㄨˋ,ㄇㄨˋ,,,,,,
777,全身,fm06,gp,,,,,,,ㄑㄩㄢˊ,ㄕㄣ,,,,,,
778,她們,w8,ap7,,,,,,,ㄊㄚ,ㄇㄣ˙,,,,,,
779,建設,ru04,gk4,,,,,,,ㄐㄧㄢˋ,ㄕㄜˋ,,,,,,
780,想起,vu;3,fu3,,,,,,,ㄒㄧㄤˇ,ㄑㄧˇ,,,,,,
781,鉛筆,fu0,1u3,,,,,,,ㄑㄧㄢ,ㄅㄧˇ,,,,,,
782,達到,286,2l4,,,,,,,ㄉㄚˊ,ㄉㄠˋ,,,,,,
783,閱讀,"m,4",2j6,,,,,,,ㄩㄝˋ,ㄉㄨˊ,,,,,,
784,興趣,vu/4,fm4,,,,,,,ㄒㄧㄥˋ,ㄑㄩˋ,,,,,,
785,人間,bp6,ru0,,,,,,,ㄖㄣˊ,ㄐㄧㄢ,,,,,,
786,分鐘,zp,5j/,,,,,,,ㄈㄣ,ㄓㄨㄥ,,,,,,
787,去世,fm4,g4,,,,,,,ㄑㄩˋ,ㄕˋ,,,,,,
788,周圍,5.,jo6,,,,,,,ㄓㄡ,ㄨㄟˊ,,,,,,
789,秋天,fu.,wu0,,,,,,,ㄑㄧㄡ,ㄊㄧㄢ,,,,,,
790,無論,j6,xjp4,,,,,,,ㄨˊ,ㄌㄨㄣˋ,,,,,,
791,實際,g6,ru4,,,,,,,ㄕˊ,ㄐㄧˋ,,,,,,
792,暴龍,1l4,xj/6,,,,,,,ㄅㄠˋ,ㄌㄨㄥˊ,,,,,,
793,不禁,1j4,rup,,,,,,,ㄅㄨˋ,ㄐㄧㄣ,,,,,,
794,太太,w94,w97,,,w94,w94,,,ㄊㄞˋ,ㄊㄞ˙,,,ㄊㄞˋ,ㄊㄞˋ,,
795,水面,gjo3,au04,,,,,,,ㄕㄨㄟˇ,ㄇㄧㄢˋ,,,,,,
796,平常,qu/6,t;6,,,,,,,ㄆㄧㄥˊ,ㄔㄤˊ,,,,,,
797,回憶,cjo6,u4,,,,,,,ㄏㄨㄟˊ,ㄧˋ,,,,,,
798,年輕,su06,fu/,,,,,,,ㄋㄧㄢˊ,ㄑㄧㄥ,,,,,,
799,而是,-6,g4,,,,,,,ㄦˊ,ㄕˋ,,,,,,
800,行動,vu/6,2j/4,,,,,,,ㄒㄧㄥˊ,ㄉㄨㄥˋ,,,,,,
801,作者,yji42,5k3,,,,,,,ㄗㄨㄛˋ,ㄓㄜˇ,,,,,,
802,居民,rm,aup6,,,,,,,ㄐㄩ,ㄇㄧㄣˊ,,,,,,
803,彼此,1u3,h3,,,,,,,ㄅㄧˇ,ㄘˇ,,,,,,
804,哈哈,c8,c8,,,,,,,ㄏㄚ,ㄏㄚ,,,,,,
805,值得,56,2k6,,,,,,,ㄓˊ,ㄉㄜˊ,,,,,,
806,革命,ek6,au/4,,,,,,,ㄍㄜˊ,ㄇㄧㄥˋ,,,,,,
807,消失,vul,g,,,,,,,ㄒㄧㄠ,ㄕ,,,,,,
808,黑色,co,nk4,,,,,,,ㄏㄟ,ㄙㄜˋ,,,,,,
809,認真,bp4,5p,,,,,,,ㄖㄣˋ,ㄓㄣ,,,,,,
810,水果,gjo3,eji3,,,,,,,ㄕㄨㄟˇ,ㄍㄨㄛˇ,,,,,,
811,平均,qu/6,rmp,,,,,,,ㄆㄧㄥˊ,ㄐㄩㄣ,,,,,,
812,同樣,wj/6,u;4,,,,,,,ㄊㄨㄥˊ,ㄧㄤˋ,,,,,,
813,地上,2u4,g;4,,,,,,,ㄉㄧˋ,ㄕㄤˋ,,,,,,
814,事實,g4,g6,,,,,,,ㄕˋ,ㄕˊ,,,,,,
815,到達,2l4,286,,,,,,,ㄉㄠˋ,ㄉㄚˊ,,,,,,
816,居住,rm,5j4,,,,,,,ㄐㄩ,ㄓㄨˋ,,,,,,
817,重新,tj/6,vup,,,,,,,ㄔㄨㄥˊ,ㄒㄧㄣ,,,,,,
818,參與,h0,m4,,,,,,,ㄘㄢ,ㄩˋ,,,,,,
819,細胞,vu4,1l,,,,,,,ㄒㄧˋ,ㄅㄠ,,,,,,
820,博士,1i6,g4,,,,,,,ㄅㄛˊ,ㄕˋ,,,,,,
821,節目,"ru,6",aj4,,,,,,,ㄐㄧㄝˊ,ㄇㄨˋ,,,,,,
822,讚美,y04,ao3,,,,,,,ㄗㄢˋ,ㄇㄟˇ,,,,,,
823,正是,5/4,g4,,,,,,,ㄓㄥˋ,ㄕˋ,,,,,,
824,生活費,g/,cji6,zo4,,,,,,ㄕㄥ,ㄏㄨㄛˊ,ㄈㄟˋ,,,,,
825,吃飯,t,z04,,,,,,,ㄔ,ㄈㄢˋ,,,,,,
826,究竟,ru.4,ru/4,,,,,,,ㄐㄧㄡˋ,ㄐㄧㄥˋ,,,,,,
827,法國,z83,eji6,,,,,,,ㄈㄚˇ,ㄍㄨㄛˊ,,,,,,
828,花朵,cj8,2ji3,,,,,,,ㄏㄨㄚ,ㄉㄨㄛˇ,,,,,,
829,特徵,wk4,5/,,,,,,,ㄊㄜˋ,ㄓㄥ,,,,,,
830,做成,yji4,t/6,,,,,,,ㄗㄨㄛˋ,ㄔㄥˊ,,,,,,
831,辨別,1u04,"1u,6",,,,,,,ㄅㄧㄢˋ,ㄅㄧㄝˊ,,,,,,
832,大人,284,bp6,,,,,,,ㄉㄚˋ,ㄖㄣˊ,,,,,,
833,分布,zp,1j4,,,,,,,ㄈㄣ,ㄅㄨˋ,,,,,,
834,天地,wu0,2u4,,,,,,,ㄊㄧㄢ,ㄉㄧˋ,,,,,,
835,引起,up3,fu3,,,,,,,ㄧㄣˇ,ㄑㄧˇ,,,,,,
836,命令,au/4,xu/4,,,,,,,ㄇㄧㄥˋ,ㄌㄧㄥˋ,,,,,,
837,明年,au/6,su06,,,,,,,ㄇㄧㄥˊ,ㄋㄧㄢˊ,,,,,,
838,河水,ck6,gjo3,,,,,,,ㄏㄜˊ,ㄕㄨㄟˇ,,,,,,
839,美好,ao3,cl3,,,,,,,ㄇㄟˇ,ㄏㄠˇ,,,,,,
840,悄悄,ful3,ful3,,,,,,,ㄑㄧㄠˇ,ㄑㄧㄠˇ,,,,,,
841,輕鬆,fu/,nj/,,,,,,,ㄑㄧㄥ,ㄙㄨㄥ,,,,,,
842,影子,u/3,y7,,,,,,,ㄧㄥˇ,ㄗ˙,,,,,,
843,樂器,"m,4",fu4,,,,,,,ㄩㄝˋ,ㄑㄧˋ,,,,,,
844,數量,gj4,xu;4,,,,,,,ㄕㄨˋ,ㄌㄧㄤˋ,,,,,,
845,學業,"vm,6","u,4",,,,,,,ㄒㄩㄝˊ,ㄧㄝˋ,,,,,,
846,積木,ru,aj4,,,,,,,ㄐㄧ,ㄇㄨˋ,,,,,,
847,觀測,ej0,hk4,,,,,,,ㄍㄨㄢ,ㄘㄜˋ,,,,,,
848,工程,ej/,t/6,,,,,,,ㄍㄨㄥ,ㄔㄥˊ,,,,,,
849,不想,1j4,vu;3,,,,,,,ㄅㄨˋ,ㄒㄧㄤˇ,,,,,,
850,支持,5,t6,,,,,,,ㄓ,ㄔˊ,,,,,,
851,兄弟,vm/,2u4,,,,,,,ㄒㄩㄥ,ㄉㄧˋ,,,,,,
852,民間,aup6,ru0,,,,,,,ㄇㄧㄣˊ,ㄐㄧㄢ,,,,,,
853,同學,wj/6,"vm,6",,,,,,,ㄊㄨㄥˊ,ㄒㄩㄝˊ,,,,,,
854,更加,e/4,ru8,,,,,,,ㄍㄥˋ,ㄐㄧㄚ,,,,,,
855,指揮,53,cjo,,,,,,,ㄓˇ,ㄏㄨㄟ,,,,,,
856,郵票,u.6,qul4,,,,,,,ㄧㄡˊ,ㄆㄧㄠˋ,,,,,,
857,鼻子,1u6,y7,,,,,,,ㄅㄧˊ,ㄗ˙,,,,,,
858,觀眾,ej0,5j/4,,,,,,,ㄍㄨㄢ,ㄓㄨㄥˋ,,,,,,
859,一家人,u4,ru8,bp6,,,,,,ㄧˋ,ㄐㄧㄚ,ㄖㄣˊ,,,,,
860,大王,284,j;6,,,294,j;6,,,ㄉㄚˋ,ㄨㄤˊ,,,ㄉㄞˋ,ㄨㄤˊ,,
861,孔明,dj/3,au/6,,,,,,,ㄎㄨㄥˇ,ㄇㄧㄥˊ,,,,,,
862,外婆,j94,qi6,,,,,,,ㄨㄞˋ,ㄆㄛˊ,,,,,,
863,正方形,5/4,z;,vu/6,,,,,,ㄓㄥˋ,ㄈㄤ,ㄒㄧㄥˊ,,,,,
864,好壞,cl3,cj94,,,,,,,ㄏㄠˇ,ㄏㄨㄞˋ,,,,,,
865,貝殼,1o4,dk6,,,,,,,ㄅㄟˋ,ㄎㄜˊ,,,,,,
866,和尚,ck6,g;4,,,,,,,ㄏㄜˊ,ㄕㄤˋ,,,,,,
867,武士,j3,g4,,,,,,,ㄨˇ,ㄕˋ,,,,,,
868,故鄉,ej4,vu;,,,,,,,ㄍㄨˋ,ㄒㄧㄤ,,,,,,
869,祖先,yj3,vu0,,,,,,,ㄗㄨˇ,ㄒㄧㄢ,,,,,,
870,脖子,1i6,y7,,,,,,,ㄅㄛˊ,ㄗ˙,,,,,,
871,結婚,"ru,6",cjp,,,,,,,ㄐㄧㄝˊ,ㄏㄨㄣ,,,,,,
872,開放,d9,z;4,,,,,,,ㄎㄞ,ㄈㄤˋ,,,,,,
873,模仿,ai6,z;3,,,,,,,ㄇㄛˊ,ㄈㄤˇ,,,,,,
874,機器,ru,fu4,,,,,,,ㄐㄧ,ㄑㄧˋ,,,,,,
875,女人,sm3,bp6,,,,,,,ㄋㄩˇ,ㄖㄣˊ,,,,,,
876,不論,1j6,xjp4,,,,,,,ㄅㄨˊ,ㄌㄨㄣˋ,,,,,,
877,中間,5j/,ru0,,,,,,,ㄓㄨㄥ,ㄐㄧㄢ,,,,,,
878,句型,rm4,vu/6,,,,,,,ㄐㄩˋ,ㄒㄧㄥˊ,,,,,,
879,多少,2ji,gl3,,,,,,,ㄉㄨㄛ,ㄕㄠˇ,,,,,,
880,享受,vu;3,g.4,,,,,,,ㄒㄧㄤˇ,ㄕㄡˋ,,,,,,
881,按照,04,5l4,,,,,,,ㄢˋ,ㄓㄠˋ,,,,,,
882,括號,ej8,cl4,,,,,,,ㄍㄨㄚ,ㄏㄠˋ,,,,,,
883,做事,yji4,g4,,,,,,,ㄗㄨㄛˋ,ㄕˋ,,,,,,
884,推動,wjo,2j/4,,,,,,,ㄊㄨㄟ,ㄉㄨㄥˋ,,,,,,
885,習慣,vu6,ej04,,,,,,,ㄒㄧˊ,ㄍㄨㄢˋ,,,,,,
886,眼淚,u03,xo4,,,,,,,ㄧㄢˇ,ㄌㄟˋ,,,,,,
887,結束,"ru,6",gj4,,,,,,,ㄐㄧㄝˊ,ㄕㄨˋ,,,,,,
888,象徵,vu;4,5/,,,,,,,ㄒㄧㄤˋ,ㄓㄥ,,,,,,
889,傳來,tj06,x96,,,,,,,ㄔㄨㄢˊ,ㄌㄞˊ,,,,,,
890,跳舞,wul4,j3,,,,,,,ㄊㄧㄠˋ,ㄨˇ,,,,,,
891,數字,gj4,y4,,,,,,,ㄕㄨˋ,ㄗˋ,,,,,,
892,學問,"vm,6",jp4,,,,,,,ㄒㄩㄝˊ,ㄨㄣˋ,,,,,,
893,擔任,20,bp4,,,,,,,ㄉㄢ,ㄖㄣˋ,,,,,,
894,願意,m04,u4,,,,,,,ㄩㄢˋ,ㄧˋ,,,,,,
895,手臂,g.3,1u4,,,,,,,ㄕㄡˇ,ㄅㄧˋ,,,,,,
896,可惜,dk3,vu6,,,,,,,ㄎㄜˇ,ㄒㄧˊ,,,,,,
897,北方,1o3,z;,,,,,,,ㄅㄟˇ,ㄈㄤ,,,,,,
898,直到,56,2l4,,,,,,,ㄓˊ,ㄉㄠˋ,,,,,,
899,空中,dj/,5j/,,,,,,,ㄎㄨㄥ,ㄓㄨㄥ,,,,,,
900,的確,2u6,"fm,4",,,,,,,ㄉㄧˊ,ㄑㄩㄝˋ,,,,,,
901,花園,cj8,m06,,,,,,,ㄏㄨㄚ,ㄩㄢˊ,,,,,,
902,長度,t;6,2j4,,,,,,,ㄔㄤˊ,ㄉㄨˋ,,,,,,
903,拜託,194,wji,,,,,,,ㄅㄞˋ,ㄊㄨㄛ,,,,,,
904,玻璃,1i,xu6,,,,,,,ㄅㄛ,ㄌㄧˊ,,,,,,
905,英雄,u/,vm/6,,,,,,,ㄧㄥ,ㄒㄩㄥˊ,,,,,,
906,師父,g,zj4,,,,,,,ㄕ,ㄈㄨˋ,,,,,,
907,理由,xu3,u.6,,,,,,,ㄌㄧˇ,ㄧㄡˊ,,,,,,
908,智慧,54,cjo4,,,,,,,ㄓˋ,ㄏㄨㄟˋ,,,,,,
909,發揮,z8,cjo,,,,,,,ㄈㄚ,ㄏㄨㄟ,,,,,,
910,感受,e03,g.4,,,,,,,ㄍㄢˇ,ㄕㄡˋ,,,,,,
911,感想,e03,vu;3,,,,,,,ㄍㄢˇ,ㄒㄧㄤˇ,,,,,,
912,溶液,bj/6,u4,,,bj/6,"u,4",,,ㄖㄨㄥˊ,ㄧˋ,,,ㄖㄨㄥˊ,ㄧㄝˋ,,
913,蝴蝶,cj6,"2u,6",,,,,,,ㄏㄨˊ,ㄉㄧㄝˊ,,,,,,
914,避免,1u4,au03,,,,,,,ㄅㄧˋ,ㄇㄧㄢˇ,,,,,,
915,分解,zp,"ru,3",,,,,,,ㄈㄣ,ㄐㄧㄝˇ,,,,,,
916,分析,zp,vu,,,,,,,ㄈㄣ,ㄒㄧ,,,,,,
917,交流,rul,xu.6,,,,,,,ㄐㄧㄠ,ㄌㄧㄡˊ,,,,,,
918,存在,hjp6,y94,,,,,,,ㄘㄨㄣˊ,ㄗㄞˋ,,,,,,
919,而已,-6,u3,,,,,,,ㄦˊ,ㄧˇ,,,,,,
920,夜晚,"u,4",j03,,,,,,,ㄧㄝˋ,ㄨㄢˇ,,,,,,
921,恢復,cjo,zj4,,,,,,,ㄏㄨㄟ,ㄈㄨˋ,,,,,,
922,看出,d04,tj,,,,,,,ㄎㄢˋ,ㄔㄨ,,,,,,
923,都市,2j,g4,,,,,,,ㄉㄨ,ㄕˋ,,,,,,
924,寒冷,c06,x/3,,,,,,,ㄏㄢˊ,ㄌㄥˇ,,,,,,
925,無限,j6,vu04,,,,,,,ㄨˊ,ㄒㄧㄢˋ,,,,,,
926,對不起,2jo4,1j4,fu3,,,,,,ㄉㄨㄟˋ,ㄅㄨˋ,ㄑㄧˇ,,,,,
927,榕樹,bj/6,gj4,,,,,,,ㄖㄨㄥˊ,ㄕㄨˋ,,,,,,
928,學期,"vm,6",fu6,,,,,,,ㄒㄩㄝˊ,ㄑㄧˊ,,,,,,
929,螞蟻,a83,u3,,,,,,,ㄇㄚˇ,ㄧˇ,,,,,,
930,獵物,"xu,4",j4,,,,,,,ㄌㄧㄝˋ,ㄨˋ,,,,,,
931,繪畫,cjo4,cj84,,,,,,,ㄏㄨㄟˋ,ㄏㄨㄚˋ,,,,,,
932,下課,vu84,dk4,,,,,,,ㄒㄧㄚˋ,ㄎㄜˋ,,,,,,
933,英明,u/,au/6,,,,,,,ㄧㄥ,ㄇㄧㄥˊ,,,,,,
934,生存,g/,hjp6,,,,,,,ㄕㄥ,ㄘㄨㄣˊ,,,,,,
935,地形,2u4,vu/6,,,,,,,ㄉㄧˋ,ㄒㄧㄥˊ,,,,,,
936,年輕,su06,fu/,,,,,,,ㄋㄧㄢˊ,ㄑㄧㄥ,,,,,,
937,呈現,t/6,vu04,,,,,,,ㄔㄥˊ,ㄒㄧㄢˋ,,,,,,
938,男孩,s06,c96,,,,,,,ㄋㄢˊ,ㄏㄞˊ,,,,,,
939,身邊,gp,1u0,,,,,,,ㄕㄣ,ㄅㄧㄢ,,,,,,
940,明明,au/6,au/6,,,,,,,ㄇㄧㄥˊ,ㄇㄧㄥˊ,,,,,,
941,風景,z/,ru/3,,,,,,,ㄈㄥ,ㄐㄧㄥˇ,,,,,,
942,風光,z/,ej;,,,,,,,ㄈㄥ,ㄍㄨㄤ,,,,,,
943,展覽,503,x03,,,,,,,ㄓㄢˇ,ㄌㄢˇ,,,,,,
944,剛才,e;,h96,,,,,,,ㄍㄤ,ㄘㄞˊ,,,,,,
945,展開,503,d9,,,,,,,ㄓㄢˇ,ㄎㄞ,,,,,,
946,荊軻,ru/,dk,,,,,,,ㄐㄧㄥ,ㄎㄜ,,,,,,
947,破壞,qi4,cj94,,,,,,,ㄆㄛˋ,ㄏㄨㄞˋ,,,,,,
948,婆婆,qi6,qi7,,,qi6,qi6,,,ㄆㄛˊ,ㄆㄛ˙,,,ㄆㄛˊ,ㄆㄛˊ,,
949,畫家,cj84,ru8,,,,,,,ㄏㄨㄚˋ,ㄐㄧㄚ,,,,,,
950,鞋子,"vu,6",y7,,,,,,,ㄒㄧㄝˊ,ㄗ˙,,,,,,
951,蠟燭,x84,5j6,,,,,,,ㄌㄚˋ,ㄓㄨˊ,,,,,,
952,露出,x.4,tj,,,xj4,tj,,,ㄌㄡˋ,ㄔㄨ,,,ㄌㄨˋ,ㄔㄨ,,
953,女生,sm3,g/,,,,,,,ㄋㄩˇ,ㄕㄥ,,,,,,
954,不夠,1j6,e.4,,,,,,,ㄅㄨˊ,ㄍㄡˋ,,,,,,
955,心臟,vup,y;4,,,,,,,ㄒㄧㄣ,ㄗㄤˋ,,,,,,
956,平安,qu/6,0,,,,,,,ㄆㄧㄥˊ,ㄢ,,,,,,
957,白天,196,wu0,,,,,,,ㄅㄞˊ,ㄊㄧㄢ,,,,,,
958,目的,aj4,2u4,,,,,,,ㄇㄨˋ,ㄉㄧˋ,,,,,,
959,用功,m/4,ej/,,,,,,,ㄩㄥˋ,ㄍㄨㄥ,,,,,,
960,好奇,cl4,fu6,,,,,,,ㄏㄠˋ,ㄑㄧˊ,,,,,,
961,成立,t/6,xu4,,,,,,,ㄔㄥˊ,ㄌㄧˋ,,,,,,
962,年紀,su06,ru4,,,,,,,ㄋㄧㄢˊ,ㄐㄧˋ,,,,,,
963,此外,h3,j94,,,,,,,ㄘˇ,ㄨㄞˋ,,,,,,
964,攻擊,ej/,ru6,,,,,,,ㄍㄨㄥ,ㄐㄧˊ,,,,,,
965,協助,"vu,6",5j4,,,,,,,ㄒㄧㄝˊ,ㄓㄨˋ,,,,,,
966,固定,ej4,2u/4,,,,,,,ㄍㄨˋ,ㄉㄧㄥˋ,,,,,,
967,空間,dj/,ru0,,,,,,,ㄎㄨㄥ,ㄐㄧㄢ,,,,,,
968,空閒,dj/4,vu06,,,,,,,ㄎㄨㄥˋ,ㄒㄧㄢˊ,,,,,,
969,指出,53,tj,,,,,,,ㄓˇ,ㄔㄨ,,,,,,
970,首先,g.3,vu0,,,,,,,ㄕㄡˇ,ㄒㄧㄢ,,,,,,
971,桌子,5ji,y7,,,,,,,ㄓㄨㄛ,ㄗ˙,,,,,,
972,假使,ru83,g3,,,,,,,ㄐㄧㄚˇ,ㄕˇ,,,,,,
973,基礎,ru,tj3,,,,,,,ㄐㄧ,ㄔㄨˇ,,,,,,
974,族群,yj6,fmp6,,,,,,,ㄗㄨˊ,ㄑㄩㄣˊ,,,,,,
975,習性,vu6,vu/4,,,,,,,ㄒㄧˊ,ㄒㄧㄥˋ,,,,,,
976,創造,tj;4,yl4,,,,,,,ㄔㄨㄤˋ,ㄗㄠˋ,,,,,,
977,電影,2u04,u/3,,,,,,,ㄉㄧㄢˋ,ㄧㄥˇ,,,,,,
978,適合,g4,ck6,,,,,,,ㄕˋ,ㄏㄜˊ,,,,,,
979,辦理,104,xu3,,,,,,,ㄅㄢˋ,ㄌㄧˇ,,,,,,
980,上來,g;4,x96,,,,,,,ㄕㄤˋ,ㄌㄞˊ,,,,,,
981,上去,g;4,fm4,,,,,,,ㄕㄤˋ,ㄑㄩˋ,,,,,,
982,美麗,ao3,xu4,,,,,,,ㄇㄟˇ,ㄌㄧˋ,,,,,,
983,小數,vul3,gj4,,,,,,,ㄒㄧㄠˇ,ㄕㄨˋ,,,,,,
984,分子,zp,y3,,,zp4,y3,,,ㄈㄣ,ㄗˇ,,,ㄈㄣˋ,ㄗˇ,,
985,世紀,g4,ru4,,,,,,,ㄕˋ,ㄐㄧˋ,,,,,,
986,再見,y94,ru04,,,,,,,ㄗㄞˋ,ㄐㄧㄢˋ,,,,,,
987,收集,g.,ru6,,,,,,,ㄕㄡ,ㄐㄧˊ,,,,,,
988,安排,0,q96,,,,,,,ㄢ,ㄆㄞˊ,,,,,,
989,男生,s06,g/,,,,,,,ㄋㄢˊ,ㄕㄥ,,,,,,
990,保存,1l3,hjp6,,,,,,,ㄅㄠˇ,ㄘㄨㄣˊ,,,,,,
991,卻是,"fm,4",g4,,,,,,,ㄑㄩㄝˋ,ㄕˋ,,,,,,
992,重視,5j/4,g4,,,,,,,ㄓㄨㄥˋ,ㄕˋ,,,,,,
993,貢獻,ej/4,vu04,,,,,,,ㄍㄨㄥˋ,ㄒㄧㄢˋ,,,,,,
994,接觸,"ru,",tj4,,,,,,,ㄐㄧㄝ,ㄔㄨˋ,,,,,,
995,設備,gk4,1o4,,,,,,,ㄕㄜˋ,ㄅㄟˋ,,,,,,
996,提高,wu6,el,,,,,,,ㄊㄧˊ,ㄍㄠ,,,,,,
997,傳說,tj06,gji,,,,,,,ㄔㄨㄢˊ,ㄕㄨㄛ,,,,,,
998,想像,vu;3,vu;4,,,,,,,ㄒㄧㄤˇ,ㄒㄧㄤˋ,,,,,,
999,愛心,94,vup,,,,,,,ㄞˋ,ㄒㄧㄣ,,,,,,
1000,算是,nj04,g4,,,,,,,ㄙㄨㄢˋ,ㄕˋ,,,,,,
1001,嚴重,u06,5j/4,,,,,,,ㄧㄢˊ,ㄓㄨㄥˋ,,,,,,
1002,一時,u4,g6,,,,,,,ㄧˋ,ㄕˊ,,,,,,
1003,又是,u.4,g4,,,,,,,ㄧㄡˋ,ㄕˋ,,,,,,
1004,三角形,n0,rul3,vu/6,,,,,,ㄙㄢ,ㄐㄧㄠˇ,ㄒㄧㄥˊ,,,,,
1005,引導,up3,2l3,,,,,,,ㄧㄣˇ,ㄉㄠˇ,,,,,,
1006,出發,tj,z8,,,,,,,ㄔㄨ,ㄈㄚ,,,,,,
1007,貝多芬,1o4,2ji,zp,,,,,,ㄅㄟˋ,ㄉㄨㄛ,ㄈㄣ,,,,,
1008,往往,j;3,j;3,,,,,,,ㄨㄤˇ,ㄨㄤˇ,,,,,,
1009,政治,5/4,54,,,,,,,ㄓㄥˋ,ㄓˋ,,,,,,
1010,展示,503,g4,,,,,,,ㄓㄢˇ,ㄕˋ,,,,,,
1011,草原,hl3,m06,,,,,,,ㄘㄠˇ,ㄩㄢˊ,,,,,,
1012,教授,rul4,g.4,,,,,,,ㄐㄧㄠˋ,ㄕㄡˋ,,,,,,
1013,發表,z8,1ul3,,,,,,,ㄈㄚ,ㄅㄧㄠˇ,,,,,,
1014,游泳,u.6,m/3,,,,,,,ㄧㄡˊ,ㄩㄥˇ,,,,,,
1015,項目,vu;4,aj4,,,,,,,ㄒㄧㄤˋ,ㄇㄨˋ,,,,,,
1016,新鮮,vup,vu0,,,,,,,ㄒㄧㄣ,ㄒㄧㄢ,,,,,,
1017,課程,dk4,t/6,,,,,,,ㄎㄜˋ,ㄔㄥˊ,,,,,,
1018,擁有,m/3,u.3,,,,,,,ㄩㄥˇ,ㄧㄡˇ,,,,,,
1019,警察,ru/3,t86,,,,,,,ㄐㄧㄥˇ,ㄔㄚˊ,,,,,,
1020,一下子,u6,vu84,y7,,,,,,ㄧˊ,ㄒㄧㄚˋ,ㄗ˙,,,,,
1021,一陣風,u6,5p4,z/,,,,,,ㄧˊ,ㄓㄣˋ,ㄈㄥ,,,,,
1022,反省,z03,vu/3,,,,,,,ㄈㄢˇ,ㄒㄧㄥˇ,,,,,,
1023,比喻,1u3,m4,,,,,,,ㄅㄧˇ,ㄩˋ,,,,,,
1024,失去,g,fm4,,,,,,,ㄕ,ㄑㄩˋ,,,,,,
1025,平衡,qu/6,c/6,,,,,,,ㄆㄧㄥˊ,ㄏㄥˊ,,,,,,
1026,后羿,c.4,u4,,,,,,,ㄏㄡˋ,ㄧˋ,,,,,,
1027,至於,54,m6,,,,,,,ㄓˋ,ㄩˊ,,,,,,
1028,決心,"rm,6",vup,,,,,,,ㄐㄩㄝˊ,ㄒㄧㄣ,,,,,,
1029,走路,y.3,xj4,,,,,,,ㄗㄡˇ,ㄌㄨˋ,,,,,,
1030,表達,1ul3,286,,,,,,,ㄅㄧㄠˇ,ㄉㄚˊ,,,,,,
1031,非洲,zo,5.,,,,,,,ㄈㄟ,ㄓㄡ,,,,,,
1032,前往,fu06,j;3,,,,,,,ㄑㄧㄢˊ,ㄨㄤˇ,,,,,,
1033,愛麗絲,94,xu4,n,,,,,,ㄞˋ,ㄌㄧˋ,ㄙ,,,,,
1034,維持,jo6,t6,,,,,,,ㄨㄟˊ,ㄔˊ,,,,,,
1035,廚房,tj6,z;6,,,,,,,ㄔㄨˊ,ㄈㄤˊ,,,,,,
1036,安靜,0,ru/4,,,,,,,ㄢ,ㄐㄧㄥˋ,,,,,,
1037,總統,yj/3,wj/3,,,,,,,ㄗㄨㄥˇ,ㄊㄨㄥˇ,,,,,,
1038,各地,ek4,2u4,,,,,,,ㄍㄜˋ,ㄉㄧˋ,,,,,,
1039,抬頭,w96,w.6,,,,,,,ㄊㄞˊ,ㄊㄡˊ,,,,,,
1040,活潑,cji6,qi,,,,,,,ㄏㄨㄛˊ,ㄆㄛ,,,,,,
1041,剛剛,e;,e;,,,,,,,ㄍㄤ,ㄍㄤ,,,,,,
1042,效果,vul4,eji3,,,,,,,ㄒㄧㄠˋ,ㄍㄨㄛˇ,,,,,,
1043,高山,el,g0,,,,,,,ㄍㄠ,ㄕㄢ,,,,,,
1044,商量,g;,xu;6,,,,,,,ㄕㄤ,ㄌㄧㄤˊ,,,,,,
1045,敘述,vm4,gj4,,,,,,,ㄒㄩˋ,ㄕㄨˋ,,,,,,
1046,符號,zj6,cl4,,,,,,,ㄈㄨˊ,ㄏㄠˋ,,,,,,
1047,鳥獸,sul3,g.4,,,,,,,ㄋㄧㄠˇ,ㄕㄡˋ,,,,,,
1048,陸地,xj4,2u4,,,,,,,ㄌㄨˋ,ㄉㄧˋ,,,,,,
1049,等到,2/3,2l4,,,,,,,ㄉㄥˇ,ㄉㄠˋ,,,,,,
1050,隔壁,ek6,1u4,,,,,,,ㄍㄜˊ,ㄅㄧˋ,,,,,,
1051,演奏,u03,y.4,,,,,,,ㄧㄢˇ,ㄗㄡˋ,,,,,,
1052,歐洲,.,5.,,,,,,,ㄡ,ㄓㄡ,,,,,,
1053,範圍,z04,jo6,,,,,,,ㄈㄢˋ,ㄨㄟˊ,,,,,,
1054,樹枝,gj4,5,,,,,,,ㄕㄨˋ,ㄓ,,,,,,
1055,優美,u.,ao3,,,,,,,ㄧㄡ,ㄇㄟˇ,,,,,,
1056,邀請,ul,fu/3,,,,,,,ㄧㄠ,ㄑㄧㄥˇ,,,,,,
1057,轉動,5j03,2j/4,,,,,,,ㄓㄨㄢˇ,ㄉㄨㄥˋ,,,,,,
1058,體重,wu3,5j/4,,,,,,,ㄊㄧˇ,ㄓㄨㄥˋ,,,,,,
1059,大陸,284,xj4,,,,,,,ㄉㄚˋ,ㄌㄨˋ,,,,,,
1060,不行,1j4,vu/6,,,,,,,ㄅㄨˋ,ㄒㄧㄥˊ,,,,,,
1061,分佈,zp,1j4,,,,,,,ㄈㄣ,ㄅㄨˋ,,,,,,
1062,平行,qu/6,vu/6,,,,,,,ㄆㄧㄥˊ,ㄒㄧㄥˊ,,,,,,
1063,因數,up,gj4,,,,,,,ㄧㄣ,ㄕㄨˋ,,,,,,
1064,事物,g4,j4,,,,,,,ㄕˋ,ㄨˋ,,,,,,
1065,風箏,z/,5/,,,,,,,ㄈㄥ,ㄓㄥ,,,,,,
1066,風格,z/,ek6,,,,,,,ㄈㄥ,ㄍㄜˊ,,,,,,
1067,恭喜,ej/,vu3,,,,,,,ㄍㄨㄥ,ㄒㄧˇ,,,,,,
1068,海底,c93,2u3,,,,,,,ㄏㄞˇ,ㄉㄧˇ,,,,,,
1069,做到,yji4,2l4,,,,,,,ㄗㄨㄛˋ,ㄉㄠˋ,,,,,,
1070,組織,yj3,5,,,,,,,ㄗㄨˇ,ㄓ,,,,,,
1071,部份,1j4,zp4,,,,,,,ㄅㄨˋ,ㄈㄣˋ,,,,,,
1072,景物,ru/3,j4,,,,,,,ㄐㄧㄥˇ,ㄨˋ,,,,,,
1073,發達,z8,286,,,,,,,ㄈㄚ,ㄉㄚˊ,,,,,,
1074,嫦娥,t;6,k6,,,,,,,ㄔㄤˊ,ㄜˊ,,,,,,
1075,厲害,xu4,c94,,,,,,,ㄌㄧˋ,ㄏㄞˋ,,,,,,
1076,廢置,zo4,54,,,,,,,ㄈㄟˋ,ㄓˋ,,,,,,
1077,養分,u;3,zp4,,,,,,,ㄧㄤˇ,ㄈㄣˋ,,,,,,
1078,樹林,gj4,xup6,,,,,,,ㄕㄨˋ,ㄌㄧㄣˊ,,,,,,
1079,樹葉,gj4,"u,4",,,,,,,ㄕㄨˋ,ㄧㄝˋ,,,,,,
1080,方面,z;,au04,,,,,,,ㄈㄤ,ㄇㄧㄢˋ,,,,,,
1081,不可以,1j4,dk3,u3,,,,,,ㄅㄨˋ,ㄎㄜˇ,ㄧˇ,,,,,
1082,打算,283,nj04,,,,,,,ㄉㄚˇ,ㄙㄨㄢˋ,,,,,,
1083,母校,aj3,vul4,,,,,,,ㄇㄨˇ,ㄒㄧㄠˋ,,,,,,
1084,生態,g/,w94,,,,,,,ㄕㄥ,ㄊㄞˋ,,,,,,
1085,地址,2u4,53,,,,,,,ㄉㄧˋ,ㄓˇ,,,,,,
1086,好吃,cl3,t,,,cl4,t,,,ㄏㄠˇ,ㄔ,,,ㄏㄠˋ,ㄔ,,
1087,老鷹,xl3,u/,,,,,,,ㄌㄠˇ,ㄧㄥ,,,,,,
1088,則是,yk6,g4,,,,,,,ㄗㄜˊ,ㄕˋ,,,,,,
1089,孩童,c96,wj/6,,,,,,,ㄏㄞˊ,ㄊㄨㄥˊ,,,,,,
1090,構成,e.4,t/6,,,,,,,ㄍㄡˋ,ㄔㄥˊ,,,,,,
1091,模樣,ai6,u;4,,,aj6,u;4,,,ㄇㄛˊ,ㄧㄤˋ,,,ㄇㄨˊ,ㄧㄤˋ,,
1092,機械,ru,"vu,4",,,,,,,ㄐㄧ,ㄒㄧㄝˋ,,,,,,
1093,雕刻,2ul,dk,,,,,,,ㄉㄧㄠ,ㄎㄜ,,,,,,
1094,選擇,vm03,yk6,,,,,,,ㄒㄩㄢˇ,ㄗㄜˊ,,,,,,
1095,禮貌,xu3,al4,,,,,,,ㄌㄧˇ,ㄇㄠˋ,,,,,,
1096,不像,1j6,vu;4,,,,,,,ㄅㄨˊ,ㄒㄧㄤˋ,,,,,,
1097,今日,rup,b4,,,,,,,ㄐㄧㄣ,ㄖˋ,,,,,,
1098,月光,"m,4",ej;,,,,,,,ㄩㄝˋ,ㄍㄨㄤ,,,,,,
1099,出生,tj,g/,,,,,,,ㄔㄨ,ㄕㄥ,,,,,,
1100,古代,ej3,294,,,,,,,ㄍㄨˇ,ㄉㄞˋ,,,,,,
1101,狐狸,cj6,xu6,,,,,,,ㄏㄨˊ,ㄌㄧˊ,,,,,,
1102,勇敢,m/3,e03,,,,,,,ㄩㄥˇ,ㄍㄢˇ,,,,,,
1103,房屋,z;6,j,,,,,,,ㄈㄤˊ,ㄨ,,,,,,
1104,美術,ao3,gj4,,,,,,,ㄇㄟˇ,ㄕㄨˋ,,,,,,
1105,海水,c93,gjo3,,,,,,,ㄏㄞˇ,ㄕㄨㄟˇ,,,,,,
1106,高度,el,2j4,,,,,,,ㄍㄠ,ㄉㄨˋ,,,,,,
1107,排列,q96,"xu,4",,,,,,,ㄆㄞˊ,ㄌㄧㄝˋ,,,,,,
1108,深厚,gp,c.4,,,,,,,ㄕㄣ,ㄏㄡˋ,,,,,,
1109,組合,yj3,ck6,,,,,,,ㄗㄨˇ,ㄏㄜˊ,,,,,,
1110,規定,ejo,2u/4,,,,,,,ㄍㄨㄟ,ㄉㄧㄥˋ,,,,,,
1111,連續,xu06,vm4,,,,,,,ㄌㄧㄢˊ,ㄒㄩˋ,,,,,,
1112,發芽,z8,u86,,,,,,,ㄈㄚ,ㄧㄚˊ,,,,,,
1113,超過,tl,eji4,,,,,,,ㄔㄠ,ㄍㄨㄛˋ,,,,,,
1114,階段,"ru,",2j04,,,,,,,ㄐㄧㄝ,ㄉㄨㄢˋ,,,,,,
1115,順利,gjp4,xu4,,,,,,,ㄕㄨㄣˋ,ㄌㄧˋ,,,,,,
1116,萬事如意,j04,g4,bj6,u4,,,,,ㄨㄢˋ,ㄕˋ,ㄖㄨˊ,ㄧˋ,,,,
1117,路線,xj4,vu04,,,,,,,ㄌㄨˋ,ㄒㄧㄢˋ,,,,,,
1118,歌聲,ek,g/,,,,,,,ㄍㄜ,ㄕㄥ,,,,,,
1119,器官,fu4,ej0,,,,,,,ㄑㄧˋ,ㄍㄨㄢ,,,,,,
1120,檢查,ru03,t86,,,,,,,ㄐㄧㄢˇ,ㄔㄚˊ,,,,,,
1121,閱讀,"m,4",2j6,,,,,,,ㄩㄝˋ,ㄉㄨˊ,,,,,,
1122,上下,g;4,vu84,,,,,,,ㄕㄤˋ,ㄒㄧㄚˋ,,,,,,
1123,上升,g;4,g/,,,,,,,ㄕㄤˋ,ㄕㄥ,,,,,,
1124,不到,1j6,2l4,,,,,,,ㄅㄨˊ,ㄉㄠˋ,,,,,,
1125,公園,ej/,m06,,,,,,,ㄍㄨㄥ,ㄩㄢˊ,,,,,,
1126,東西南北,2j/,vu,s06,1o3,,,,,ㄉㄨㄥ,ㄒㄧ,ㄋㄢˊ,ㄅㄟˇ,,,,
1127,仙女,vu0,sm3,,,,,,,ㄒㄧㄢ,ㄋㄩˇ,,,,,,
1128,巨人,rm4,bp6,,,,,,,ㄐㄩˋ,ㄖㄣˊ,,,,,,
1129,正面,5/4,au04,,,,,,,ㄓㄥˋ,ㄇㄧㄢˋ,,,,,,
1130,老闆,xl3,103,,,,,,,ㄌㄠˇ,ㄅㄢˇ,,,,,,
1131,見面,ru04,au04,,,,,,,ㄐㄧㄢˋ,ㄇㄧㄢˋ,,,,,,
1132,姑姑,ej,ej7,,,ej,ej,,,ㄍㄨ,ㄍㄨ˙,,,ㄍㄨ,ㄍㄨ,,
1133,性質,vu/4,56,,,,,,,ㄒㄧㄥˋ,ㄓˊ,,,,,,
1134,空格,dj/4,ek6,,,,,,,ㄎㄨㄥˋ,ㄍㄜˊ,,,,,,
1135,拜訪,194,z;3,,,,,,,ㄅㄞˋ,ㄈㄤˇ,,,,,,
1136,面對,au04,2jo4,,,,,,,ㄇㄧㄢˋ,ㄉㄨㄟˋ,,,,,,
1137,哪裡,s83,xu3,,,,,,,ㄋㄚˇ,ㄌㄧˇ,,,,,,
1138,原本,m06,1p3,,,,,,,ㄩㄢˊ,ㄅㄣˇ,,,,,,
1139,神仙,gp6,vu0,,,,,,,ㄕㄣˊ,ㄒㄧㄢ,,,,,,
1140,蚊子,jp6,y7,,,,,,,ㄨㄣˊ,ㄗ˙,,,,,,
1141,蒼蠅,h;,u/6,,,,,,,ㄘㄤ,ㄧㄥˊ,,,,,,
1142,蟑螂,5;,x;6,,,,,,,ㄓㄤ,ㄌㄤˊ,,,,,,
1143,老鼠,xl3,gj3,,,,,,,ㄌㄠˇ,ㄕㄨˇ,,,,,,
1144,條目,wul6,aj4,,,,,,,ㄊㄧㄠˊ,ㄇㄨˋ,,,,,,
1145,寒假,c06,ru84,,,,,,,ㄏㄢˊ,ㄐㄧㄚˋ,,,,,,
1146,發光,z8,ej;,,,,,,,ㄈㄚ,ㄍㄨㄤ,,,,,,
1147,程度,t/6,2j4,,,,,,,ㄔㄥˊ,ㄉㄨˋ,,,,,,
1148,開花,d9,cj8,,,,,,,ㄎㄞ,ㄏㄨㄚ,,,,,,
1149,當地,2;,2u4,,,,,,,ㄉㄤ,ㄉㄧˋ,,,,,,
1150,寫作,"vu,3",yji4,,,,,,,ㄒㄧㄝˇ,ㄗㄨㄛˋ,,,,,,
1151,調查,2ul4,t86,,,,,,,ㄉㄧㄠˋ,ㄔㄚˊ,,,,,,
1152,選出,vm03,tj,,,,,,,ㄒㄩㄢˇ,ㄔㄨ,,,,,,
1153,優良,u.,xu;6,,,,,,,ㄧㄡ,ㄌㄧㄤˊ,,,,,,
1154,演講,u03,ru;3,,,,,,,ㄧㄢˇ,ㄐㄧㄤˇ,,,,,,
1155,繁殖,z06,56,,,,,,,ㄈㄢˊ,ㄓˊ,,,,,,
1156,蘿蔔,xji6,1i7,,,xji6,1i6,,,ㄌㄨㄛˊ,ㄅㄛ˙,,,ㄌㄨㄛˊ,ㄅㄛˊ,,
1157,二氧化碳,-4,u;3,cj84,w04,,,,,ㄦˋ,ㄧㄤˇ,ㄏㄨㄚˋ,ㄊㄢˋ,,,,
1158,一路順風,u6,xj4,gjp4,z/,,,,,ㄧˊ,ㄌㄨˋ,ㄕㄨㄣˋ,ㄈㄥ,,,,
1159,不足,1j4,yj6,,,,,,,ㄅㄨˋ,ㄗㄨˊ,,,,,,
1160,巴黎,18,xu6,,,,,,,ㄅㄚ,ㄌㄧˊ,,,,,,
1161,天上,wu0,g;4,,,,,,,ㄊㄧㄢ,ㄕㄤˋ,,,,,,
1162,以免,u3,au03,,,,,,,ㄧˇ,ㄇㄧㄢˇ,,,,,,
1163,多久,2ji,ru.3,,,2ji6,ru.3,,,ㄉㄨㄛ,ㄐㄧㄡˇ,,,ㄉㄨㄛˊ,ㄐㄧㄡˇ,,
1164,考慮,dl3,xm4,,,,,,,ㄎㄠˇ,ㄌㄩˋ,,,,,,
1165,技巧,ru4,ful3,,,,,,,ㄐㄧˋ,ㄑㄧㄠˇ,,,,,,
1166,完整,j06,5/3,,,,,,,ㄨㄢˊ,ㄓㄥˇ,,,,,,
1167,妖怪,ul,ej94,,,,,,,ㄧㄠ,ㄍㄨㄞˋ,,,,,,
1168,辛巴達,vup,18,286,,,,,,ㄒㄧㄣ,ㄅㄚ,ㄉㄚˊ,,,,,
1169,門口,ap6,d.3,,,,,,,ㄇㄣˊ,ㄎㄡˇ,,,,,,
1170,前進,fu06,rup4,,,,,,,ㄑㄧㄢˊ,ㄐㄧㄣˋ,,,,,,
1171,故意,ej4,u4,,,,,,,ㄍㄨˋ,ㄧˋ,,,,,,
1172,家族,ru8,yj6,,,,,,,ㄐㄧㄚ,ㄗㄨˊ,,,,,,
1173,氧氣,u;3,fu4,,,,,,,ㄧㄤˇ,ㄑㄧˋ,,,,,,
1174,馬路,a83,xj4,,,,,,,ㄇㄚˇ,ㄌㄨˋ,,,,,,
1175,父親,zj4,fup,,,,,,,ㄈㄨˋ,ㄑㄧㄣ,,,,,,
1176,尊重,yjp,5j/4,,,,,,,ㄗㄨㄣ,ㄓㄨㄥˋ,,,,,,
1177,無聊,j6,xul6,,,,,,,ㄨˊ,ㄌㄧㄠˊ,,,,,,
1178,填寫,wu06,"vu,3",,,,,,,ㄊㄧㄢˊ,ㄒㄧㄝˇ,,,,,,
1179,雞蛋,ru,204,,,,,,,ㄐㄧ,ㄉㄢˋ,,,,,,
1180,蘋果,qu/6,eji3,,,qup6,eji3,,,ㄆㄧㄥˊ,ㄍㄨㄛˇ,,,ㄆㄧㄣˊ,ㄍㄨㄛˇ,,
1181,驚訝,ru/,u84,,,,,,,ㄐㄧㄥ,ㄧㄚˋ,,,,,,
1182,觀念,ej0,su04,,,,,,,ㄍㄨㄢ,ㄋㄧㄢˋ,,,,,,
1183,不必,1j6,1u4,,,,,,,ㄅㄨˊ,ㄅㄧˋ,,,,,,
1184,不對,1j6,2jo4,,,,,,,ㄅㄨˊ,ㄉㄨㄟˋ,,,,,,
1185,分成,zp,t/6,,,,,,,ㄈㄣ,ㄔㄥˊ,,,,,,
1186,老虎,xl3,cj3,,,,,,,ㄌㄠˇ,ㄏㄨˇ,,,,,,
1187,色彩,nk4,h93,,,,,,,ㄙㄜˋ,ㄘㄞˇ,,,,,,
1188,自從,y4,hj/6,,,,,,,ㄗˋ,ㄘㄨㄥˊ,,,,,,
1189,即將,ru6,ru;,,,,,,,ㄐㄧˊ,ㄐㄧㄤ,,,,,,
1190,忍不住,bp3,1j4,5j4,,,,,,ㄖㄣˇ,ㄅㄨˋ,ㄓㄨˋ,,,,,
1191,改寫,e93,"vu,3",,,,,,,ㄍㄞˇ,ㄒㄧㄝˇ,,,,,,
1192,改善,e93,g04,,,,,,,ㄍㄞˇ,ㄕㄢˋ,,,,,,
1193,奇妙,fu6,aul4,,,,,,,ㄑㄧˊ,ㄇㄧㄠˋ,,,,,,
1194,河川,ck6,tj0,,,,,,,ㄏㄜˊ,ㄔㄨㄢ,,,,,,
1195,垂直,tjo6,56,,,,,,,ㄔㄨㄟˊ,ㄓˊ,,,,,,
1196,屋頂,j,2u/3,,,,,,,ㄨ,ㄉㄧㄥˇ,,,,,,
1197,消化,vul,cj84,,,,,,,ㄒㄧㄠ,ㄏㄨㄚˋ,,,,,,
1198,海岸,c93,04,,,,,,,ㄏㄞˇ,ㄢˋ,,,,,,
1199,馬車,a83,tk,,,,,,,ㄇㄚˇ,ㄔㄜ,,,,,,
1200,曹操,hl6,hl,,,,,,,ㄘㄠˊ,ㄘㄠ,,,,,,
1201,理想,xu3,vu;3,,,,,,,ㄌㄧˇ,ㄒㄧㄤˇ,,,,,,
1202,期間,fu6,ru0,,,,,,,ㄑㄧˊ,ㄐㄧㄢ,,,,,,
1203,等於,2/3,m6,,,,,,,ㄉㄥˇ,ㄩˊ,,,,,,
1204,黃色,cj;6,nk4,,,,,,,ㄏㄨㄤˊ,ㄙㄜˋ,,,,,,
1205,想像,vu;3,vu;4,,,,,,,ㄒㄧㄤˇ,ㄒㄧㄤˋ,,,,,,
1206,緊密,rup3,au4,,,,,,,ㄐㄧㄣˇ,ㄇㄧˋ,,,,,,
1207,誕生,204,g/,,,,,,,ㄉㄢˋ,ㄕㄥ,,,,,,
1208,戰爭,504,5/,,,,,,,ㄓㄢˋ,ㄓㄥ,,,,,,
1209,醫院,u,m04,,,,,,,ㄧ,ㄩㄢˋ,,,,,,
1210,寶貝,1l3,1o4,,,,,,,ㄅㄠˇ,ㄅㄟˋ,,,,,,
1211,顯示,vu03,g4,,,,,,,ㄒㄧㄢˇ,ㄕˋ,,,,,,
1212,工業,ej/,"u,4",,,,,,,ㄍㄨㄥ,ㄧㄝˋ,,,,,,
1213,小學,vul3,"vm,6",,,,,,,ㄒㄧㄠˇ,ㄒㄩㄝˊ,,,,,,
1214,公元,ej/,m06,,,,,,,ㄍㄨㄥ,ㄩㄢˊ,,,,,,
1215,民主,aup6,5j3,,,,,,,ㄇㄧㄣˊ,ㄓㄨˇ,,,,,,
1216,全體,fm06,wu3,,,,,,,ㄑㄩㄢˊ,ㄊㄧˇ,,,,,,
1217,休閒,vu.,vu06,,,,,,,ㄒㄧㄡ,ㄒㄧㄢˊ,,,,,,
1218,死亡,n3,j;6,,,,,,,ㄙˇ,ㄨㄤˊ,,,,,,
1219,作文簿,yji4,jp6,1j4,,,,,,ㄗㄨㄛˋ,ㄨㄣˊ,ㄅㄨˋ,,,,,
1220,亞洲,u83,5.,,,u84,5.,,,ㄧㄚˇ,ㄓㄡ,,,ㄧㄚˋ,ㄓㄡ,,
1221,姓名,vu/4,au/6,,,,,,,ㄒㄧㄥˋ,ㄇㄧㄥˊ,,,,,,
1222,或許,cji4,vm3,,,,,,,ㄏㄨㄛˋ,ㄒㄩˇ,,,,,,
1223,南部,s06,1j4,,,,,,,ㄋㄢˊ,ㄅㄨˋ,,,,,,
1224,師生,g,g/,,,,,,,ㄕ,ㄕㄥ,,,,,,
1225,得意,2k6,u4,,,,,,,ㄉㄜˊ,ㄧˋ,,,,,,
1226,條件,wul6,ru04,,,,,,,ㄊㄧㄠˊ,ㄐㄧㄢˋ,,,,,,
1227,允許,mp3,vm3,,,,,,,ㄩㄣˇ,ㄒㄩˇ,,,,,,
1228,等待,2/3,294,,,,,,,ㄉㄥˇ,ㄉㄞˋ,,,,,,
1229,想念,vu;3,su04,,,,,,,ㄒㄧㄤˇ,ㄋㄧㄢˋ,,,,,,
1230,過年,eji4,su06,,,,,,,ㄍㄨㄛˋ,ㄋㄧㄢˊ,,,,,,
1231,歌曲,ek,fm3,,,,,,,ㄍㄜ,ㄑㄩˇ,,,,,,
1232,磁鐵,h6,"wu,3",,,,,,,ㄘˊ,ㄊㄧㄝˇ,,,,,,
1233,粽子,yj/4,y7,,,,,,,ㄗㄨㄥˋ,ㄗ˙,,,,,,
1234,寫信,"vu,3",vup4,,,,,,,ㄒㄧㄝˇ,ㄒㄧㄣˋ,,,,,,
1235,嘴巴,yjo3,187,,,yjo3,18,,,ㄗㄨㄟˇ,ㄅㄚ˙,,,ㄗㄨㄟˇ,ㄅㄚ,,
1236,鄰居,xup6,rm,,,,,,,ㄌㄧㄣˊ,ㄐㄩ,,,,,,
1237,靠近,dl4,rup4,,,,,,,ㄎㄠˋ,ㄐㄧㄣˋ,,,,,,
1238,融合,bj/6,ck6,,,,,,,ㄖㄨㄥˊ,ㄏㄜˊ,,,,,,
1239,頭部,w.6,1j4,,,,,,,ㄊㄡˊ,ㄅㄨˋ,,,,,,
1240,上午,g;4,j3,,,,,,,ㄕㄤˋ,ㄨˇ,,,,,,
1241,大象,284,vu;4,,,,,,,ㄉㄚˋ,ㄒㄧㄤˋ,,,,,,
1242,小孩,vul3,c96,,,,,,,ㄒㄧㄠˇ,ㄏㄞˊ,,,,,,
1243,不如,1j4,bj6,,,,,,,ㄅㄨˋ,ㄖㄨˊ,,,,,,
1244,不懂,1j4,2j/3,,,,,,,ㄅㄨˋ,ㄉㄨㄥˇ,,,,,,
1245,充實,tj/,g6,,,,,,,ㄔㄨㄥ,ㄕˊ,,,,,,
1246,正好,5/4,cl3,,,,,,,ㄓㄥˋ,ㄏㄠˇ,,,,,,
1247,先後,vu0,c.4,,,,,,,ㄒㄧㄢ,ㄏㄡˋ,,,,,,
1248,吃掉,t,2ul4,,,,,,,ㄔ,ㄉㄧㄠˋ,,,,,,
1249,好看,cl3,d04,,,,,,,ㄏㄠˇ,ㄎㄢˋ,,,,,,
1250,有名,u.3,au/6,,,,,,,ㄧㄡˇ,ㄇㄧㄥˊ,,,,,,
1251,伸出,gp,tj,,,,,,,ㄕㄣ,ㄔㄨ,,,,,,
1252,作法,yji4,z83,,,,,,,ㄗㄨㄛˋ,ㄈㄚˇ,,,,,,
1253,判斷,q04,2j04,,,,,,,ㄆㄢˋ,ㄉㄨㄢˋ,,,,,,
1254,形式,vu/6,g4,,,,,,,ㄒㄧㄥˊ,ㄕˋ,,,,,,
1255,快速,dj94,nj4,,,,,,,ㄎㄨㄞˋ,ㄙㄨˋ,,,,,,
1256,男子,s06,y3,,,,,,,ㄋㄢˊ,ㄗˇ,,,,,,
1257,南方,s06,z;,,,,,,,ㄋㄢˊ,ㄈㄤ,,,,,,
1258,流動,xu.6,2j/4,,,,,,,ㄌㄧㄡˊ,ㄉㄨㄥˋ,,,,,,
1259,星期日,vu/,fu6,b4,,,,,,ㄒㄧㄥ,ㄑㄧˊ,ㄖˋ,,,,,
1260,相似,vu;,n4,,,,,,,ㄒㄧㄤ,ㄙˋ,,,,,,
1261,豬八戒,5j,18,"ru,4",,,,,,ㄓㄨ,ㄅㄚ,ㄐㄧㄝˋ,,,,,
1262,做人做事,yji4,bp6,yji4,g4,,,,,ㄗㄨㄛˋ,ㄖㄣˊ,ㄗㄨㄛˋ,ㄕˋ,,,,
1263,國民,eji6,aup6,,,,,,,ㄍㄨㄛˊ,ㄇㄧㄣˊ,,,,,,
1264,從來,hj/6,x96,,,,,,,ㄘㄨㄥˊ,ㄌㄞˊ,,,,,,
1265,彩虹,h93,cj/6,,,,,,,ㄘㄞˇ,ㄏㄨㄥˊ,,,,,,
1266,強烈,fu;6,"xu,4",,,,,,,ㄑㄧㄤˊ,ㄌㄧㄝˋ,,,,,,
1267,教育,rul4,m4,,,,,,,ㄐㄧㄠˋ,ㄩˋ,,,,,,
1268,椅子,u3,y7,,,,,,,ㄧˇ,ㄗ˙,,,,,,
1269,悲傷,1o,g;,,,,,,,ㄅㄟ,ㄕㄤ,,,,,,
1270,想法,vu;3,z83,,,,,,,ㄒㄧㄤˇ,ㄈㄚˇ,,,,,,
1271,勤勞,fup6,xl6,,,,,,,ㄑㄧㄣˊ,ㄌㄠˊ,,,,,,
1272,會議,cjo4,u4,,,,,,,ㄏㄨㄟˋ,ㄧˋ,,,,,,
1273,當作,2;,yji4,,,2;4,yji4,,,ㄉㄤ,ㄗㄨㄛˋ,,,ㄉㄤˋ,ㄗㄨㄛˋ,,
1274,號碼,cl4,a83,,,,,,,ㄏㄠˋ,ㄇㄚˇ,,,,,,
1275,農曆,sj/6,xu4,,,,,,,ㄋㄨㄥˊ,ㄌㄧˋ,,,,,,
1276,像是,vu;4,g4,,,,,,,ㄒㄧㄤˋ,ㄕˋ,,,,,,
1277,錯誤,hji4,j4,,,,,,,ㄘㄨㄛˋ,ㄨˋ,,,,,,
1278,營養,u/6,u;3,,,,,,,ㄧㄥˊ,ㄧㄤˇ,,,,,,
1279,鞭炮,1u0,ql4,,,,,,,ㄅㄧㄢ,ㄆㄠˋ,,,,,,
1280,雙手,gj;,g.3,,,,,,,ㄕㄨㄤ,ㄕㄡˇ,,,,,,
1281,體型,wu3,vu/6,,,,,,,ㄊㄧˇ,ㄒㄧㄥˊ,,,,,,
1282,了不起,xul3,1j4,fu3,,,,,,ㄌㄧㄠˇ,ㄅㄨˋ,ㄑㄧˇ,,,,,
1283,一生,u4,g/,,,,,,,ㄧˋ,ㄕㄥ,,,,,,
1284,大學,284,"vm,6",,,,,,,ㄉㄚˋ,ㄒㄩㄝˊ,,,,,,
1285,大門,284,ap6,,,,,,,ㄉㄚˋ,ㄇㄣˊ,,,,,,
1286,子女,y3,sm3,,,,,,,ㄗˇ,ㄋㄩˇ,,,,,,
1287,小時候,vul3,g6,c.4,,,,,,ㄒㄧㄠˇ,ㄕˊ,ㄏㄡˋ,,,,,
1288,禮讓,xu3,b;4,,,,,,,ㄌㄧˇ,ㄖㄤˋ,,,,,,
1289,不然,1j4,b06,,,,,,,ㄅㄨˋ,ㄖㄢˊ,,,,,,
1290,中央,5j/,u;,,,,,,,ㄓㄨㄥ,ㄧㄤ,,,,,,
1291,化學,cj84,"vm,6",,,,,,,ㄏㄨㄚˋ,ㄒㄩㄝˊ,,,,,,
1292,日常生活,b4,t;6,g/,cji6,,,,,ㄖˋ,ㄔㄤˊ,ㄕㄥ,ㄏㄨㄛˊ,,,,
1293,光線,ej;,vu04,,,,,,,ㄍㄨㄤ,ㄒㄧㄢˋ,,,,,,
1294,字義,y4,u4,,,,,,,ㄗˋ,ㄧˋ,,,,,,
1295,老師,xl3,g,,,,,,,ㄌㄠˇ,ㄕ,,,,,,
1296,至少,54,gl3,,,,,,,ㄓˋ,ㄕㄠˇ,,,,,,
1297,身體,gp,wu3,,,,,,,ㄕㄣ,ㄊㄧˇ,,,,,,
1298,例子,xu4,y7,,,,,,,ㄌㄧˋ,ㄗ˙,,,,,,
1299,事件,g4,ru04,,,,,,,ㄕˋ,ㄐㄧㄢˋ,,,,,,
1300,怪物,ej94,j4,,,,,,,ㄍㄨㄞˋ,ㄨˋ,,,,,,
1301,直徑,56,ru/4,,,,,,,ㄓˊ,ㄐㄧㄥˋ,,,,,,
1302,長出,5;3,tj,,,,,,,ㄓㄤˇ,ㄔㄨ,,,,,,
1303,挑戰,wul3,504,,,,,,,ㄊㄧㄠˇ,ㄓㄢˋ,,,,,,
1304,唐詩,w;6,g,,,,,,,ㄊㄤˊ,ㄕ,,,,,,
1305,唯一,jo6,u,,,,,,,ㄨㄟˊ,ㄧ,,,,,,
1306,動物園,2j/4,j4,m06,,,,,,ㄉㄨㄥˋ,ㄨˋ,ㄩㄢˊ,,,,,
1307,參考,h0,dl3,,,,,,,ㄘㄢ,ㄎㄠˇ,,,,,,
1308,您們,sup6,ap7,,,,,,,ㄋㄧㄣˊ,ㄇㄣ˙,,,,,,
1309,從事,hj/6,g4,,,,,,,ㄘㄨㄥˊ,ㄕˋ,,,,,,
1310,麻煩,a86,z06,,,,,,,ㄇㄚˊ,ㄈㄢˊ,,,,,,
1311,描述,aul6,gj4,,,,,,,ㄇㄧㄠˊ,ㄕㄨˋ,,,,,,
1312,開口,d9,d.3,,,,,,,ㄎㄞ,ㄎㄡˇ,,,,,,
1313,新娘,vup,su;6,,,,,,,ㄒㄧㄣ,ㄋㄧㄤˊ,,,,,,
1314,農作物,sj/6,yji4,j4,,,,,,ㄋㄨㄥˊ,ㄗㄨㄛˋ,ㄨˋ,,,,,
1315,詩詞,g,h6,,,,,,,ㄕ,ㄘˊ,,,,,,
1316,滿意,a03,u4,,,,,,,ㄇㄢˇ,ㄧˋ,,,,,,
1317,確實,"fm,4",g6,,,,,,,ㄑㄩㄝˋ,ㄕˊ,,,,,,
1318,請求,fu/3,fu.6,,,,,,,ㄑㄧㄥˇ,ㄑㄧㄡˊ,,,,,,
1319,選手,vm03,g.3,,,,,,,ㄒㄩㄢˇ,ㄕㄡˇ,,,,,,
1320,頭顱,w.6,xj6,,,,,,,ㄊㄡˊ,ㄌㄨˊ,,,,,,
1321,壓力,u8,xu4,,,,,,,ㄧㄚ,ㄌㄧˋ,,,,,,
1322,生物,g/,j4,,,,,,,ㄕㄥ,ㄨˋ,,,,,,
1323,段落,2j04,xji4,,,,,,,ㄉㄨㄢˋ,ㄌㄨㄛˋ,,,,,,
1324,工廠,ej/,t;3,,,,,,,ㄍㄨㄥ,ㄔㄤˇ,,,,,,
1325,不在,1j6,y94,,,,,,,ㄅㄨˊ,ㄗㄞˋ,,,,,,
1326,中華民國,5j/,cj86,aup6,eji6,,,,,ㄓㄨㄥ,ㄏㄨㄚˊ,ㄇㄧㄣˊ,ㄍㄨㄛˊ,,,,
1327,變化,1u04,cj84,,,,,,,ㄅㄧㄢˋ,ㄏㄨㄚˋ,,,,,,
1328,中午,5j/,j3,,,,,,,ㄓㄨㄥ,ㄨˇ,,,,,,
1329,公爵,ej/,"rm,6",,,,,,,ㄍㄨㄥ,ㄐㄩㄝˊ,,,,,,
1330,反應,z03,u/4,,,,,,,ㄈㄢˇ,ㄧㄥˋ,,,,,,
1331,日記,b4,ru4,,,,,,,ㄖˋ,ㄐㄧˋ,,,,,,
1332,外國,j94,eji6,,,,,,,ㄨㄞˋ,ㄍㄨㄛˊ,,,,,,
1333,幼蟲,u.4,tj/6,,,,,,,ㄧㄡˋ,ㄔㄨㄥˊ,,,,,,
1334,立即,xu4,ru6,,,,,,,ㄌㄧˋ,ㄐㄧˊ,,,,,,
1335,收拾,g.,g6,,,,,,,ㄕㄡ,ㄕˊ,,,,,,
1336,收藏,g.,h;6,,,,,,,ㄕㄡ,ㄘㄤˊ,,,,,,
1337,早晨,yl3,tp6,,,,,,,ㄗㄠˇ,ㄔㄣˊ,,,,,,
1338,村莊,hjp,5j;,,,,,,,ㄘㄨㄣ,ㄓㄨㄤ,,,,,,
1339,來臨,x96,xup6,,,,,,,ㄌㄞˊ,ㄌㄧㄣˊ,,,,,,
1340,味道,jo4,2l4,,,,,,,ㄨㄟˋ,ㄉㄠˋ,,,,,,
1341,泥土,su6,wj3,,,,,,,ㄋㄧˊ,ㄊㄨˇ,,,,,,
1342,金屬,rup,gj3,,,,,,,ㄐㄧㄣ,ㄕㄨˇ,,,,,,
1343,相處,vu;,tj3,,,,,,,ㄒㄧㄤ,ㄔㄨˇ,,,,,,
1344,看來,d04,x96,,,,,,,ㄎㄢˋ,ㄌㄞˊ,,,,,,
1345,原住民,m06,5j4,aup6,,,,,,ㄩㄢˊ,ㄓㄨˋ,ㄇㄧㄣˊ,,,,,
1346,旅遊,xm3,u.6,,,,,,,ㄌㄩˇ,ㄧㄡˊ,,,,,,
1347,拿起,s86,fu3,,,,,,,ㄋㄚˊ,ㄑㄧˇ,,,,,,
1348,針對,5p,2jo4,,,,,,,ㄓㄣ,ㄉㄨㄟˋ,,,,,,
1349,高低起伏,el,2u,fu3,zj6,,,,,ㄍㄠ,ㄉㄧ,ㄑㄧˇ,ㄈㄨˊ,,,,
1350,強壯,fu;6,5j;4,,,,,,,ㄑㄧㄤˊ,ㄓㄨㄤˋ,,,,,,
1351,盒子,ck6,y7,,,,,,,ㄏㄜˊ,ㄗ˙,,,,,,
1352,產品,t03,qup3,,,,,,,ㄔㄢˇ,ㄆㄧㄣˇ,,,,,,
1353,舒服,gj,zj6,,,,,,,ㄕㄨ,ㄈㄨˊ,,,,,,
1354,傳播,tj06,1i4,,,,,,,ㄔㄨㄢˊ,ㄅㄛˋ,,,,,,
1355,感激,e03,ru,,,,,,,ㄍㄢˇ,ㄐㄧ,,,,,,
1356,價值,ru84,56,,,,,,,ㄐㄧㄚˋ,ㄓˊ,,,,,,
1357,廣場,ej;3,t;3,,,,,,,ㄍㄨㄤˇ,ㄔㄤˇ,,,,,,
1358,樹幹,gj4,e04,,,,,,,ㄕㄨˋ,ㄍㄢˋ,,,,,,
1359,親子時光,fup,y3,g6,ej;,,,,,ㄑㄧㄣ,ㄗˇ,ㄕˊ,ㄍㄨㄤ,,,,
1360,簡直,ru03,56,,,,,,,ㄐㄧㄢˇ,ㄓˊ,,,,,,
1361,鬍鬚,cj6,vm,,,,,,,ㄏㄨˊ,ㄒㄩ,,,,,,
1362,證明,5/4,au/6,,,,,,,ㄓㄥˋ,ㄇㄧㄥˊ,,,,,,
1363,藝術家,u4,gj4,ru8,,,,,,ㄧˋ,ㄕㄨˋ,ㄐㄧㄚ,,,,,
1364,彎曲,j0,fm,,,,,,,ㄨㄢ,ㄑㄩ,,,,,,
1365,山坡,g0,qi,,,,,,,ㄕㄢ,ㄆㄛ,,,,,,
1366,不好意思,1j4,cl3,u4,n,,,,,ㄅㄨˋ,ㄏㄠˇ,ㄧˋ,ㄙ,,,,
1367,水分,gjo3,zp4,,,,,,,ㄕㄨㄟˇ,ㄈㄣˋ,,,,,,
1368,牛郎,su.,x;6,,,,,,,ㄋㄧㄡ,ㄌㄤˊ,,,,,,
1369,包含,1l,c06,,,,,,,ㄅㄠ,ㄏㄢˊ,,,,,,
1370,失敗,g,194,,,,,,,ㄕ,ㄅㄞˋ,,,,,,
1371,本身,1p3,gp,,,,,,,ㄅㄣˇ,ㄕㄣ,,,,,,
1372,再度,y94,2j4,,,,,,,ㄗㄞˋ,ㄉㄨˋ,,,,,,
1373,名詞,au/6,h6,,,,,,,ㄇㄧㄥˊ,ㄘˊ,,,,,,
1374,安徒生,0,wj6,g/,,,,,,ㄢ,ㄊㄨˊ,ㄕㄥ,,,,,
1375,如今,bj6,rup,,,,,,,ㄖㄨˊ,ㄐㄧㄣ,,,,,,
1376,羽毛,m3,al6,,,,,,,ㄩˇ,ㄇㄠˊ,,,,,,
1377,西方,vu,z;,,,,,,,ㄒㄧ,ㄈㄤ,,,,,,
1378,所謂,nji3,jo4,,,,,,,ㄙㄨㄛˇ,ㄨㄟˋ,,,,,,
1379,肯定,dp3,2u/4,,,,,,,ㄎㄣˇ,ㄉㄧㄥˋ,,,,,,
1380,花生,cj8,g/,,,,,,,ㄏㄨㄚ,ㄕㄥ,,,,,,
1381,城市,t/6,g4,,,,,,,ㄔㄥˊ,ㄕˋ,,,,,,
1382,屍體,g,wu3,,,,,,,ㄕ,ㄊㄧˇ,,,,,,
1383,英文,u/,jp6,,,,,,,ㄧㄥ,ㄨㄣˊ,,,,,,
1384,宮殿,ej/,2u04,,,,,,,ㄍㄨㄥ,ㄉㄧㄢˋ,,,,,,
1385,笑容,vul4,bj/6,,,,,,,ㄒㄧㄠˋ,ㄖㄨㄥˊ,,,,,,
1386,高中,el,5j/,,,,,,,ㄍㄠ,ㄓㄨㄥ,,,,,,
1387,善良,g04,xu;6,,,,,,,ㄕㄢˋ,ㄌㄧㄤˊ,,,,,,
1388,帶領,294,w.6,,,,,,,ㄉㄞˋ,ㄊㄡˊ,,,,,,
1389,畢業旅行,1u4,"u,4",xm3,vu/6,,,,,ㄅㄧˋ,ㄧㄝˋ,ㄌㄩˇ,ㄒㄧㄥˊ,,,,
1390,博物館,1i6,j4,ej03,,,,,,ㄅㄛˊ,ㄨˋ,ㄍㄨㄢˇ,,,,,
1391,湯姆,w;,aj3,,,,,,,ㄊㄤ,ㄇㄨˇ,,,,,,
1392,絕對,"rm,6",2jo4,,,,,,,ㄐㄩㄝˊ,ㄉㄨㄟˋ,,,,,,
1393,三長兩短,n0,t;6,xu;3,2j03,,,,,ㄙㄢ,ㄔㄤˊ,ㄌㄧㄤˇ,ㄉㄨㄢˇ,,,,
1394,結合,"ru,6",ck6,,,,,,,ㄐㄧㄝˊ,ㄏㄜˊ,,,,,,
1395,鄉土,vu;,wj3,,,,,,,ㄒㄧㄤ,ㄊㄨˇ,,,,,,
1396,開學,d9,"vm,6",,,,,,,ㄎㄞ,ㄒㄩㄝˊ,,,,,,
1397,填充題,wu06,tj/,wu6,,,,,,ㄊㄧㄢˊ,ㄔㄨㄥ,ㄊㄧˊ,,,,,
1398,試驗,g4,u04,,,,,,,ㄕˋ,ㄧㄢˋ,,,,,,
1399,屬於,gj3,m6,,,,,,,ㄕㄨˇ,ㄩˊ,,,,,,
1400,蒐集,n.,ru6,,,,,,,ㄙㄡ,ㄐㄧˊ,,,,,,
1401,戲劇,vu4,rm4,,,,,,,ㄒㄧˋ,ㄐㄩˋ,,,,,,
1402,觀賞,ej0,g;3,,,,,,,ㄍㄨㄢ,ㄕㄤˇ,,,,,,
1403,才是,h96,g4,,,,,,,ㄘㄞˊ,ㄕˋ,,,,,,
1404,充分,tj/,zp4,,,,,,,ㄔㄨㄥ,ㄈㄣˋ,,,,,,
1405,叫聲,rul4,g/,,,,,,,ㄐㄧㄠˋ,ㄕㄥ,,,,,,
1406,上下左右,g;4,vu84,yji3,u.4,,,,,ㄕㄤˋ,ㄒㄧㄚˋ,ㄗㄨㄛˇ,ㄧㄡˋ,,,,
1407,古老,ej3,xl3,,,,,,,ㄍㄨˇ,ㄌㄠˇ,,,,,,
1408,正式,5/4,g4,,,,,,,ㄓㄥˋ,ㄕˋ,,,,,,
1409,民俗,aup6,nj6,,,,,,,ㄇㄧㄣˊ,ㄙㄨˊ,,,,,,
1410,白雲,196,mp6,,,,,,,ㄅㄞˊ,ㄩㄣˊ,,,,,,
1411,地層,2u4,h/6,,,,,,,ㄉㄧˋ,ㄘㄥˊ,,,,,,
1412,汙染,j,b03,,,,,,,ㄨ,ㄖㄢˇ,,,,,,
1413,竹竿,5j6,e0,,,,,,,ㄓㄨˊ,ㄍㄢ,,,,,,
1414,行星,vu/6,vu/,,,,,,,ㄒㄧㄥˊ,ㄒㄧㄥ,,,,,,
1415,吩咐,zp,zj4,,,,,,,ㄈㄣ,ㄈㄨˋ,,,,,,
1416,社區,gk4,fm,,,,,,,ㄕㄜˋ,ㄑㄩ,,,,,,
1417,段落,2j04,xji4,,,,,,,ㄉㄨㄢˋ,ㄌㄨㄛˋ,,,,,,
1418,甚麼,gp6,ai7,,,gk6,ai7,,,ㄕㄣˊ,ㄇㄛ˙,,,ㄕㄜˊ,ㄇㄛ˙,,
1419,唐朝,w;6,tl6,,,,,,,ㄊㄤˊ,ㄔㄠˊ,,,,,,
1420,記憶,ru4,u4,,,,,,,ㄐㄧˋ,ㄧˋ,,,,,,
1421,高大,el,284,,,,,,,ㄍㄠ,ㄉㄚˋ,,,,,,
1422,清晨,fu/,tp6,,,,,,,ㄑㄧㄥ,ㄔㄣˊ,,,,,,
1423,習俗,vu6,nj6,,,,,,,ㄒㄧˊ,ㄙㄨˊ,,,,,,
1424,傑克,"ru,6",dk4,,,,,,,ㄐㄧㄝˊ,ㄎㄜˋ,,,,,,
1425,棲息,fu,vu6,,,,,,,ㄑㄧ,ㄒㄧˊ,,,,,,
1426,感情,e03,fu/6,,,,,,,ㄍㄢˇ,ㄑㄧㄥˊ,,,,,,
1427,敬上,ru/4,g;4,,,,,,,ㄐㄧㄥˋ,ㄕㄤˋ,,,,,,
1428,萬一,j04,u,,,,,,,ㄨㄢˋ,ㄧ,,,,,,
1429,碰到,q/4,2l4,,,,,,,ㄆㄥˋ,ㄉㄠˋ,,,,,,
1430,當天,2;,wu0,,,,,,,ㄉㄤ,ㄊㄧㄢ,,,,,,
1431,端午節,2j0,j3,"ru,6",,,,,,ㄉㄨㄢ,ㄨˇ,ㄐㄧㄝˊ,,,,,
1432,維護,jo6,cj4,,,,,,,ㄨㄟˊ,ㄏㄨˋ,,,,,,
1433,慶祝,fu/4,5j4,,,,,,,ㄑㄧㄥˋ,ㄓㄨˋ,,,,,,
1434,窮苦,fm/6,dj3,,,,,,,ㄑㄩㄥˊ,ㄎㄨˇ,,,,,,
1435,儘管,rup3,ej03,,,,,,,ㄐㄧㄣˇ,ㄍㄨㄢˇ,,,,,,
1436,舉例,rm3,xu4,,,,,,,ㄐㄩˇ,ㄌㄧˋ,,,,,,
1437,大哥,284,ek,,,,,,,ㄉㄚˋ,ㄍㄜ,,,,,,
1438,士兵,g4,1u/,,,,,,,ㄕˋ,ㄅㄧㄥ,,,,,,
1439,大叫,284,rul4,,,,,,,ㄉㄚˋ,ㄐㄧㄠˋ,,,,,,
1440,華服,cj86,zj6,,,,,,,ㄏㄨㄚˊ,ㄈㄨˊ,,,,,,
1441,右邊,u.4,1u0,,,,,,,ㄧㄡˋ,ㄅㄧㄢ,,,,,,
1442,平方公分,qu/6,z;,ej/,zp,,,,,ㄆㄧㄥˊ,ㄈㄤ,ㄍㄨㄥ,ㄈㄣ,,,,
1443,平原,qu/6,m06,,,,,,,ㄆㄧㄥˊ,ㄩㄢˊ,,,,,,
1444,因素,up,nj4,,,,,,,ㄧㄣ,ㄙㄨˋ,,,,,,
1445,同伴,wj/6,104,,,,,,,ㄊㄨㄥˊ,ㄅㄢˋ,,,,,,
1446,有點,u.3,2u03,,,,,,,ㄧㄡˇ,ㄉㄧㄢˇ,,,,,,
1447,血液,"vu,3",u4,,,"vu,3","u,4",,,ㄒㄧㄝˇ,ㄧˋ,,,ㄒㄧㄝˇ,ㄧㄝˋ,,
1448,狀況,5j;4,dj;4,,,,,,,ㄓㄨㄤˋ,ㄎㄨㄤˋ,,,,,,
1449,延長,u06,t;6,,,,,,,ㄧㄢˊ,ㄔㄤˊ,,,,,,
1450,恆星,c/6,vu/,,,,,,,ㄏㄥˊ,ㄒㄧㄥ,,,,,,
1451,相反,vu;,z03,,,,,,,ㄒㄧㄤ,ㄈㄢˇ,,,,,,
1452,看法,d04,z83,,,,,,,ㄎㄢˋ,ㄈㄚˇ,,,,,,
1453,氣球,fu4,fu.6,,,,,,,ㄑㄧˋ,ㄑㄧㄡˊ,,,,,,
1454,病患,1u/4,cj04,,,,,,,ㄅㄧㄥˋ,ㄏㄨㄢˋ,,,,,,
1455,追求,5jo,fu.6,,,,,,,ㄓㄨㄟ,ㄑㄧㄡˊ,,,,,,
1456,骨頭,ej3,w.6,,,ej6,w.7,,,ㄍㄨˇ,ㄊㄡˊ,,,ㄍㄨˊ,ㄊㄡ˙,,
1457,偷偷,w.,w.,,,,,,,ㄊㄡ,ㄊㄡ,,,,,,
1458,現場,vu04,t;3,,,,,,,ㄒㄧㄢˋ,ㄔㄤˇ,,,,,,
1459,液體,u4,wu3,,,"u,4",wu3,,,ㄧˋ,ㄊㄧˇ,,,ㄧㄝˋ,ㄊㄧˇ,,
1460,帽子,al4,y7,,,,,,,ㄇㄠˋ,ㄗ˙,,,,,,
1461,景色,ru/3,nk4,,,,,,,ㄐㄧㄥˇ,ㄙㄜˋ,,,,,,
1462,期待,fu6,294,,,,,,,ㄑㄧˊ,ㄉㄞˋ,,,,,,
1463,華生,cj86,g/,,,,,,,ㄏㄨㄚˊ,ㄕㄥ,,,,,,
1464,義大利,u4,284,xu4,,,,,,ㄧˋ,ㄉㄚˋ,ㄌㄧˋ,,,,,
1465,羨慕,vu04,aj4,,,,,,,ㄒㄧㄢˋ,ㄇㄨˋ,,,,,,
1466,電池,2u04,t6,,,,,,,ㄉㄧㄢˋ,ㄔˊ,,,,,,
1467,實施,g6,g,,,,,,,ㄕˊ,ㄕ,,,,,,
1468,寧靜,su/6,ru/4,,,,,,,ㄋㄧㄥˊ,ㄐㄧㄥˋ,,,,,,
1469,蜜蜂,au4,z/,,,,,,,ㄇㄧˋ,ㄈㄥ,,,,,,
1470,熟悉,g.6,vu,,,gj6,vu,,,ㄕㄡˊ,ㄒㄧ,,,ㄕㄨˊ,ㄒㄧ,,
1471,標點符號,1ul,2u03,zj6,cl4,,,,,ㄅㄧㄠ,ㄉㄧㄢˇ,ㄈㄨˊ,ㄏㄠˋ,,,,
1472,橡皮筋,vu;4,qu6,rup,,,,,,ㄒㄧㄤˋ,ㄆㄧˊ,ㄐㄧㄣ,,,,,
1473,燕子,u04,y7,,,,,,,ㄧㄢˋ,ㄗ˙,,,,,,
1474,整齊,5/3,fu6,,,,,,,ㄓㄥˇ,ㄑㄧˊ,,,,,,
1475,織女,5,sm3,,,,,,,ㄓ,ㄋㄩˇ,,,,,,
1476,鏡子,ru/4,y7,,,,,,,ㄐㄧㄥˋ,ㄗ˙,,,,,,
1477,心靈,vup,xu/6,,,,,,,ㄒㄧㄣ,ㄌㄧㄥˊ,,,,,,
1478,主意,5j3,u4,,,,,,,ㄓㄨˇ,ㄧˋ,,,,,,
1479,立方公尺,xu4,z;,ej/,t3,,,,,ㄌㄧˋ,ㄈㄤ,ㄍㄨㄥ,ㄔˇ,,,,
1480,年齡,su06,xu/6,,,,,,,ㄋㄧㄢˊ,ㄌㄧㄥˊ,,,,,,
1481,成果,t/6,eji3,,,,,,,ㄔㄥˊ,ㄍㄨㄛˇ,,,,,,
1482,好聽,cl3,wu/,,,,,,,ㄏㄠˇ,ㄊㄧㄥ,,,,,,
1483,收縮,g.,nji,,,,,,,ㄕㄡ,ㄙㄨㄛ,,,,,,
1484,字形,y4,vu/6,,,,,,,ㄗˋ,ㄒㄧㄥˊ,,,,,,
1485,百寶箱,193,1l3,vu;,,,,,,ㄅㄞˇ,ㄅㄠˇ,ㄒㄧㄤ,,,,,
1486,有時候,u.3,g6,c.4,,,,,,ㄧㄡˇ,ㄕˊ,ㄏㄡˋ,,,,,
1487,早期,yl3,fu6,,,,,,,ㄗㄠˇ,ㄑㄧˊ,,,,,,
1488,求學,fu.6,"vm,6",,,,,,,ㄑㄧㄡˊ,ㄒㄩㄝˊ,,,,,,
1489,垃圾,xk4,nk4,,,,,,,ㄌㄜˋ,ㄙㄜˋ,,,,,,
1490,居然,rm,b06,,,,,,,ㄐㄩ,ㄖㄢˊ,,,,,,
1491,明顯,au/6,vu03,,,,,,,ㄇㄧㄥˊ,ㄒㄧㄢˇ,,,,,,
1492,杯子,1o,y7,,,,,,,ㄅㄟ,ㄗ˙,,,,,,
1493,東部,2j/,1j4,,,,,,,ㄉㄨㄥ,ㄅㄨˋ,,,,,,
1494,迎接,u/6,"ru,",,,,,,,ㄧㄥˊ,ㄐㄧㄝ,,,,,,
1495,長期,t;6,fu6,,,,,,,ㄔㄤˊ,ㄑㄧˊ,,,,,,
1496,勇氣,m/3,fu4,,,,,,,ㄩㄥˇ,ㄑㄧˋ,,,,,,
1497,建築物,ru04,5j6,j4,,,,,,ㄐㄧㄢˋ,ㄓㄨˊ,ㄨˋ,,,,,
1498,飛翔,zo,vu;6,,,,,,,ㄈㄟ,ㄒㄧㄤˊ,,,,,,
1499,時常,g6,t;6,,,,,,,ㄕˊ,ㄔㄤˊ,,,,,,
1500,特性,wk4,vu/4,,,,,,,ㄊㄜˋ,ㄒㄧㄥˋ,,,,,,
1501,草莓,hl3,ao6,,,,,,,ㄘㄠˇ,ㄇㄟˊ,,,,,,
1502,訓練,vmp4,xu04,,,,,,,ㄒㄩㄣˋ,ㄌㄧㄢˋ,,,,,,
1503,控制,dj/4,54,,,,,,,ㄎㄨㄥˋ,ㄓˋ,,,,,,
1504,淡水,204,gjo3,,,,,,,ㄉㄢˋ,ㄕㄨㄟˇ,,,,,,
1505,野狼,"u,3",x;6,,,,,,,ㄧㄝˇ,ㄌㄤˊ,,,,,,
1506,搜尋,n.,vmp6,,,,,,,ㄙㄡ,ㄒㄩㄣˊ,,,,,,
1507,腹部,zj4,1j4,,,,,,,ㄈㄨˋ,ㄅㄨˋ,,,,,,
1508,圖畫,wj6,cj84,,,,,,,ㄊㄨˊ,ㄏㄨㄚˋ,,,,,,
1509,實現,g6,vu04,,,,,,,ㄕˊ,ㄒㄧㄢˋ,,,,,,
1510,管理,ej03,xu3,,,,,,,ㄍㄨㄢˇ,ㄌㄧˇ,,,,,,
1511,價錢,ru84,fu06,,,,,,,ㄐㄧㄚˋ,ㄑㄧㄢˊ,,,,,,
1512,燃燒,b06,gl,,,,,,,ㄖㄢˊ,ㄕㄠ,,,,,,
1513,臉色,xu03,nk4,,,,,,,ㄌㄧㄢˇ,ㄙㄜˋ,,,,,,
1514,聯絡,xu06,xji4,,,,,,,ㄌㄧㄢˊ,ㄌㄨㄛˋ,,,,,,
1515,龐大,q;6,284,,,,,,,ㄆㄤˊ,ㄉㄚˋ,,,,,,
1516,體溫,wu3,jp,,,,,,,ㄊㄧˇ,ㄨㄣ,,,,,,
1517,體會,wu3,cjo4,,,,,,,ㄊㄧˇ,ㄏㄨㄟˋ,,,,,,
1518,稍微,gl,jo6,,,,,,,ㄕㄠ,ㄨㄟˊ,,,,,,
1519,夫婦,zj,zj4,,,,,,,ㄈㄨ,ㄈㄨˋ,,,,,,
1520,出門,tj,ap6,,,,,,,ㄔㄨ,ㄇㄣˊ,,,,,,
1521,加強,ru8,fu;6,,,,,,,ㄐㄧㄚ,ㄑㄧㄤˊ,,,,,,
1522,用心,m/4,vup,,,,,,,ㄩㄥˋ,ㄒㄧㄣ,,,,,,
1523,地球村,2u4,fu.6,hjp,,,,,,ㄉㄧˋ,ㄑㄧㄡˊ,ㄘㄨㄣ,,,,,
1524,老太太,xl3,w94,w97,,xl3,w94,w94,,ㄌㄠˇ,ㄊㄞˋ,ㄊㄞ˙,,ㄌㄠˇ,ㄊㄞˋ,ㄊㄞˋ,
1525,老爺,xl3,"u,6",,,,,,,ㄌㄠˇ,ㄧㄝˊ,,,,,,
1526,行走,vu/6,y.3,,,,,,,ㄒㄧㄥˊ,ㄗㄡˇ,,,,,,
1527,克服,dk4,zj6,,,,,,,ㄎㄜˋ,ㄈㄨˊ,,,,,,
1528,孝順,vul4,gjp4,,,,,,,ㄒㄧㄠˋ,ㄕㄨㄣˋ,,,,,,
1529,沙漠,g8,ai4,,,,,,,ㄕㄚ,ㄇㄛˋ,,,,,,
1530,依然,u,b06,,,,,,,ㄧ,ㄖㄢˊ,,,,,,
1531,雨水,m3,gjo3,,,,,,,ㄩˇ,ㄕㄨㄟˇ,,,,,,
1532,星期天,vu/,fu6,wu0,,,,,,ㄒㄧㄥ,ㄑㄧˊ,ㄊㄧㄢ,,,,,
1533,星座,vu/,yji4,,,,,,,ㄒㄧㄥ,ㄗㄨㄛˋ,,,,,,
1534,食品,g6,qup3,,,,,,,ㄕˊ,ㄆㄧㄣˇ,,,,,,
1535,原諒,m06,xu;4,,,,,,,ㄩㄢˊ,ㄌㄧㄤˋ,,,,,,
1536,烏龜,j,ejo,,,,,,,ㄨ,ㄍㄨㄟ,,,,,,
1537,疾病,ru6,1u/4,,,,,,,ㄐㄧˊ,ㄅㄧㄥˋ,,,,,,
1538,留言板,xu.6,u06,103,,,,,,ㄌㄧㄡˊ,ㄧㄢˊ,ㄅㄢˇ,,,,,
1539,砝碼,z86,a83,,,,,,,ㄈㄚˊ,ㄇㄚˇ,,,,,,
1540,高雄市,el,vm/6,g4,,,,,,ㄍㄠ,ㄒㄩㄥˊ,ㄕˋ,,,,,
1541,南投縣,s06,w.6,vu04,,,,,,ㄋㄢˊ,ㄊㄡˊ,ㄒㄧㄢˋ,,,,,
1542,旋轉,vm06,5j03,,,,,,,ㄒㄩㄢˊ,ㄓㄨㄢˇ,,,,,,
1543,教堂,rul4,w;6,,,,,,,ㄐㄧㄠˋ,ㄊㄤˊ,,,,,,
1544,聊天,xul6,wu0,,,,,,,ㄌㄧㄠˊ,ㄊㄧㄢ,,,,,,
1545,透明,w.4,au/6,,,,,,,ㄊㄡˋ,ㄇㄧㄥˊ,,,,,,
1546,善意,g04,u4,,,,,,,ㄕㄢˋ,ㄧˋ,,,,,,
1547,愛護,94,cj4,,,,,,,ㄞˋ,ㄏㄨˋ,,,,,,
1548,資訊,y,vmp4,,,,,,,ㄗ,ㄒㄩㄣˋ,,,,,,
1549,道路,2l4,xj4,,,,,,,ㄉㄠˋ,ㄌㄨˋ,,,,,,
1550,圖案,wj6,04,,,,,,,ㄊㄨˊ,ㄢˋ,,,,,,
1551,對話,2jo4,cj84,,,,,,,ㄉㄨㄟˋ,ㄏㄨㄚˋ,,,,,,
1552,榮獲,bj/6,cji4,,,,,,,ㄖㄨㄥˊ,ㄏㄨㄛˋ,,,,,,
1553,颱風,w96,z/,,,,,,,ㄊㄞˊ,ㄈㄥ,,,,,,
1554,寫成,"vu,3",t/6,,,,,,,ㄒㄧㄝˇ,ㄔㄥˊ,,,,,,
1555,親自,fup,y4,,,,,,,ㄑㄧㄣ,ㄗˋ,,,,,,
1556,沉默,tp6,ai4,,,,,,,ㄔㄣˊ,ㄇㄛˋ,,,,,,
1557,顯得,vu03,2k7,,,,,,,ㄒㄧㄢˇ,ㄉㄜ˙,,,,,,
1558,一番,u,z0,,,,,,,ㄧ,ㄈㄢ,,,,,,
1559,丈夫,5;4,zj,,,,,,,ㄓㄤˋ,ㄈㄨ,,,,,,
1560,工程師,ej/,t/6,g,,,,,,ㄍㄨㄥ,ㄔㄥˊ,ㄕ,,,,,
1561,不小心,1j4,vul3,vup,,,,,,ㄅㄨˋ,ㄒㄧㄠˇ,ㄒㄧㄣ,,,,,
1562,山羊,g0,u;6,,,,,,,ㄕㄢ,ㄧㄤˊ,,,,,,
1563,日本,b4,1p3,,,,,,,ㄖˋ,ㄅㄣˇ,,,,,,
1564,午餐,j3,h0,,,,,,,ㄨˇ,ㄘㄢ,,,,,,
1565,分享,zp,vu;3,,,,,,,ㄈㄣ,ㄒㄧㄤˇ,,,,,,
1566,代替,294,wu4,,,,,,,ㄉㄞˋ,ㄊㄧˋ,,,,,,
1567,加以,ru8,u3,,,,,,,ㄐㄧㄚ,ㄧˇ,,,,,,
1568,包公,1l,ej/,,,,,,,ㄅㄠ,ㄍㄨㄥ,,,,,,
1569,外表,j94,1ul3,,,,,,,ㄨㄞˋ,ㄅㄧㄠˇ,,,,,,
1570,生動,g/,2j/4,,,,,,,ㄕㄥ,ㄉㄨㄥˋ,,,,,,
1571,印象,up4,vu;4,,,,,,,ㄧㄣˋ,ㄒㄧㄤˋ,,,,,,
1572,安靜,0,ru/4,,,,,,,ㄢ,ㄐㄧㄥˋ,,,,,,
1573,西班牙,vu,10,u86,,,,,,ㄒㄧ,ㄅㄢ,ㄧㄚˊ,,,,,
1574,吳剛,j6,e;,,,,,,,ㄨˊ,ㄍㄤ,,,,,,
1575,角度,rul3,2j4,,,,,,,ㄐㄧㄠˇ,ㄉㄨˋ,,,,,,
1576,和平,ck6,qu/6,,,,,,,ㄏㄜˊ,ㄆㄧㄥˊ,,,,,,
1577,物品,j4,qup3,,,,,,,ㄨˋ,ㄆㄧㄣˇ,,,,,,
1578,花蓮,cj8,xu06,,,,,,,ㄏㄨㄚ,ㄌㄧㄢˊ,,,,,,
1579,表格,1ul3,ek6,,,,,,,ㄅㄧㄠˇ,ㄍㄜˊ,,,,,,
1580,珍惜,5p,vu6,,,,,,,ㄓㄣ,ㄒㄧˊ,,,,,,
1581,紀念,ru4,su04,,,,,,,ㄐㄧˋ,ㄋㄧㄢˋ,,,,,,
1582,重點,5j/4,2u03,,,,,,,ㄓㄨㄥˋ,ㄉㄧㄢˇ,,,,,,
1583,重建,tj/6,ru04,,,,,,,ㄔㄨㄥˊ,ㄐㄧㄢˋ,,,,,,
1584,倫敦,xjp6,2jp,,,,,,,ㄌㄨㄣˊ,ㄉㄨㄣ,,,,,,
1585,展現,503,vu04,,,,,,,ㄓㄢˇ,ㄒㄧㄢˋ,,,,,,
1586,桃樂絲,wl6,xk4,n,,,,,,ㄊㄠˊ,ㄌㄜˋ,ㄙ,,,,,
1587,氣味,fu4,jo4,,,,,,,ㄑㄧˋ,ㄨㄟˋ,,,,,,
1588,停止,wu/6,53,,,,,,,ㄊㄧㄥˊ,ㄓˇ,,,,,,
1589,排程,q96,t/6,,,,,,,ㄆㄞˊ,ㄔㄥˊ,,,,,,
1590,清朝,fu/,tl6,,,,,,,ㄑㄧㄥ,ㄔㄠˊ,,,,,,
1591,到處,2l4,tj4,,,,,,,ㄉㄠˋ,ㄔㄨˋ,,,,,,
1592,連連看,xu06,xu06,d04,,,,,,ㄌㄧㄢˊ,ㄌㄧㄢˊ,ㄎㄢˋ,,,,,
1593,創意,tj;4,u4,,,,,,,ㄔㄨㄤˋ,ㄧˋ,,,,,,
1594,掌握,5;3,ji4,,,,,,,ㄓㄤˇ,ㄨㄛˋ,,,,,,
1595,圓形,m06,vu/6,,,,,,,ㄩㄢˊ,ㄒㄧㄥˊ,,,,,,
1596,圖書館,wj6,gj,ej03,,,,,,ㄊㄨˊ,ㄕㄨ,ㄍㄨㄢˇ,,,,,
1597,對方,2jo4,z;,,,,,,,ㄉㄨㄟˋ,ㄈㄤ,,,,,,
1598,確定,"fm,4",2u/4,,,,,,,ㄑㄩㄝˋ,ㄉㄧㄥˋ,,,,,,
1599,模型,ai6,vu/6,,,,,,,ㄇㄛˊ,ㄒㄧㄥˊ,,,,,,
1600,獨自,2j6,y4,,,,,,,ㄉㄨˊ,ㄗˋ,,,,,,
1601,醒來,vu/3,x96,,,,,,,ㄒㄧㄥˇ,ㄌㄞˊ,,,,,,
1602,牆壁,fu;6,1u4,,,,,,,ㄑㄧㄤˊ,ㄅㄧˋ,,,,,,
1603,攝影,gk4,u/3,,,,,,,ㄕㄜˋ,ㄧㄥˇ,,,,,,
1604,人士,bp6,g4,,,,,,,ㄖㄣˊ,ㄕˋ,,,,,,
1605,上方,g;4,z;,,,,,,,ㄕㄤˋ,ㄈㄤ,,,,,,
1606,口袋,d.3,294,,,,,,,ㄎㄡˇ,ㄉㄞˋ,,,,,,
1607,大臣,284,tp6,,,,,,,ㄉㄚˋ,ㄔㄣˊ,,,,,,
1608,工匠,ej/,ru;4,,,,,,,ㄍㄨㄥ,ㄐㄧㄤˋ,,,,,,
1609,不幸,1j6,vu/4,,,,,,,ㄅㄨˊ,ㄒㄧㄥˋ,,,,,,
1610,巴洛克,18,xji4,dk4,,,,,,ㄅㄚ,ㄌㄨㄛˋ,ㄎㄜˋ,,,,,
1611,值錢,56,fu06,,,,,,,ㄓˊ,ㄑㄧㄢˊ,,,,,,
1612,火山,cji3,g0,,,,,,,ㄏㄨㄛˇ,ㄕㄢ,,,,,,
1613,去年,fm4,su06,,,,,,,ㄑㄩˋ,ㄋㄧㄢˊ,,,,,,
1614,外形,j94,vu/6,,,,,,,ㄨㄞˋ,ㄒㄧㄥˊ,,,,,,
1615,失望,g,j;4,,,,,,,ㄕ,ㄨㄤˋ,,,,,,
1616,生意,g/,u4,,,,,,,ㄕㄥ,ㄧˋ,,,,,,
1617,白蛇傳,196,gk6,5j04,,,,,,ㄅㄞˊ,ㄕㄜˊ,ㄓㄨㄢˋ,,,,,
1618,回頭,cjo6,w.6,,,,,,,ㄏㄨㄟˊ,ㄊㄡˊ,,,,,,
1619,年代,su06,294,,,,,,,ㄋㄧㄢˊ,ㄉㄞˋ,,,,,,
1620,屁股,qu4,ej3,,,,,,,ㄆㄧˋ,ㄍㄨˇ,,,,,,
1621,男人,s06,bp6,,,,,,,ㄋㄢˊ,ㄖㄣˊ,,,,,,
1622,刺激,h4,ru,,,,,,,ㄘˋ,ㄐㄧ,,,,,,
1623,放心,z;4,vup,,,,,,,ㄈㄤˋ,ㄒㄧㄣ,,,,,,
1624,表情,1ul3,fu/6,,,,,,,ㄅㄧㄠˇ,ㄑㄧㄥˊ,,,,,,
1625,貓咪,al,au,,,,,,,ㄇㄠ,ㄇㄧ,,,,,,
1626,珍珠,5p,5j,,,,,,,ㄓㄣ,ㄓㄨ,,,,,,
1627,星球,vu/,fu.6,,,,,,,ㄒㄧㄥ,ㄑㄧㄡˊ,,,,,,
1628,音樂會,up,"m,4",cjo4,,,,,,ㄧㄣ,ㄩㄝˋ,ㄏㄨㄟˋ,,,,,
1629,書包,gj,1l,,,,,,,ㄕㄨ,ㄅㄠ,,,,,,
1630,站長,504,5;3,,,,,,,ㄓㄢˋ,ㄓㄤˇ,,,,,,
1631,能夠,s/6,e.4,,,,,,,ㄋㄥˊ,ㄍㄡˋ,,,,,,
1632,記載,ru4,y94,,,,,,,ㄐㄧˋ,ㄗㄞˋ,,,,,,
1633,將軍,ru;,rmp,,,,,,,ㄐㄧㄤ,ㄐㄩㄣ,,,,,,
1634,專業,5j0,"u,4",,,,,,,ㄓㄨㄢ,ㄧㄝˋ,,,,,,
1635,傢伙,ru8,cji3,,,ru8,cji7,,,ㄐㄧㄚ,ㄏㄨㄛˇ,,,ㄐㄧㄚ,ㄏㄨㄛ˙,,
1636,循環,vmp6,cj06,,,,,,,ㄒㄩㄣˊ,ㄏㄨㄢˊ,,,,,,
1637,最好,yjo4,cl3,,,,,,,ㄗㄨㄟˋ,ㄏㄠˇ,,,,,,
1638,湖泊,cj6,1i6,,,,,,,ㄏㄨˊ,ㄅㄛˊ,,,,,,
1639,筆記,1u3,ru4,,,,,,,ㄅㄧˇ,ㄐㄧˋ,,,,,,
1640,傷害,g;,c94,,,,,,,ㄕㄤ,ㄏㄞˋ,,,,,,
1641,集合,ru6,ck6,,,,,,,ㄐㄧˊ,ㄏㄜˊ,,,,,,
1642,意外,u4,j94,,,,,,,ㄧˋ,ㄨㄞˋ,,,,,,
1643,溶解,bj/6,"ru,3",,,,,,,ㄖㄨㄥˊ,ㄐㄧㄝˇ,,,,,,
1644,漢朝,c04,tl6,,,,,,,ㄏㄢˋ,ㄔㄠˊ,,,,,,
1645,語言,m3,u06,,,,,,,ㄩˇ,ㄧㄢˊ,,,,,,
1646,臺北縣,w96,1o3,vu04,,,,,,ㄊㄞˊ,ㄅㄟˇ,ㄒㄧㄢˋ,,,,,
1647,網址,j;3,53,,,,,,,ㄨㄤˇ,ㄓˇ,,,,,,
1648,銀河,up6,ck6,,,,,,,ㄧㄣˊ,ㄏㄜˊ,,,,,,
1649,澆水,rul,gjo3,,,,,,,ㄐㄧㄠ,ㄕㄨㄟˇ,,,,,,
1650,適應,g4,u/4,,,,,,,ㄕˋ,ㄧㄥˋ,,,,,,
1651,選舉,vm03,rm3,,,,,,,ㄒㄩㄢˇ,ㄐㄩˇ,,,,,,
1652,懶惰,x03,2ji4,,,,,,,ㄌㄢˇ,ㄉㄨㄛˋ,,,,,,
1653,寶石,1l3,g6,,,,,,,ㄅㄠˇ,ㄕˊ,,,,,,
1654,旁邊,q;6,1u0,,,,,,,ㄆㄤˊ,ㄅㄧㄢ,,,,,,
1655,三角龍,n0,rul3,xj/6,,,,,,ㄙㄢ,ㄐㄧㄠˇ,ㄌㄨㄥˊ,,,,,
1656,女婿,sm3,vm4,,,,,,,ㄋㄩˇ,ㄒㄩˋ,,,,,,
1657,工夫,ej/,zj,,,ej/,zj7,,,ㄍㄨㄥ,ㄈㄨ,,,ㄍㄨㄥ,ㄈㄨ˙,,
1658,了解,xul3,"ru,3",,,,,,,ㄌㄧㄠˇ,ㄐㄧㄝˇ,,,,,,
1659,台中,w96,5j/,,,,,,,ㄊㄞˊ,ㄓㄨㄥ,,,,,,
1660,公子,ej/,y3,,,,,,,ㄍㄨㄥ,ㄗˇ,,,,,,
1661,少女,gl4,sm3,,,,,,,ㄕㄠˋ,ㄋㄩˇ,,,,,,
1662,天才,wu0,h96,,,,,,,ㄊㄧㄢ,ㄘㄞˊ,,,,,,
1663,打敗,283,194,,,,,,,ㄉㄚˇ,ㄅㄞˋ,,,,,,
1664,同情,wj/6,fu/6,,,,,,,ㄊㄨㄥˊ,ㄑㄧㄥˊ,,,,,,
1665,字典,y4,2u03,,,,,,,ㄗˋ,ㄉㄧㄢˇ,,,,,,
1666,步驟,1j4,y.4,,,,,,,ㄅㄨˋ,ㄗㄡˋ,,,,,,
1667,系列,vu4,"xu,4",,,,,,,ㄒㄧˋ,ㄌㄧㄝˋ,,,,,,
1668,良好,xu;6,cl3,,,,,,,ㄌㄧㄤˊ,ㄏㄠˇ,,,,,,
1669,角落,rul3,xji4,,,,,,,ㄐㄧㄠˇ,ㄌㄨㄛˋ,,,,,,
1670,爬行,q86,vu/6,,,,,,,ㄆㄚˊ,ㄒㄧㄥˊ,,,,,,
1671,促進,hj4,rup4,,,,,,,ㄘㄨˋ,ㄐㄧㄣˋ,,,,,,
1672,急忙,ru6,a;6,,,,,,,ㄐㄧˊ,ㄇㄤˊ,,,,,,
1673,春假,tjp,ru84,,,,,,,ㄔㄨㄣ,ㄐㄧㄚˋ,,,,,,
1674,持續,t6,vm4,,,,,,,ㄔˊ,ㄒㄩˋ,,,,,,
1675,氣氛,fu4,zp,,,,,,,ㄑㄧˋ,ㄈㄣ,,,,,,
1676,除夕,tj6,vu4,,,,,,,ㄔㄨˊ,ㄒㄧˋ,,,,,,
1677,起床,fu3,tj;6,,,,,,,ㄑㄧˇ,ㄔㄨㄤˊ,,,,,,
1678,討厭,wl3,u04,,,,,,,ㄊㄠˇ,ㄧㄢˋ,,,,,,
1679,高手,el,g.3,,,,,,,ㄍㄠ,ㄕㄡˇ,,,,,,
1680,骨架,ej3,ru84,,,,,,,ㄍㄨˇ,ㄐㄧㄚˋ,,,,,,
1681,偵探,5p,w04,,,,,,,ㄓㄣ,ㄊㄢˋ,,,,,,
1682,張開,5;,d9,,,,,,,ㄓㄤ,ㄎㄞ,,,,,,
1683,通知,wj/,5,,,,,,,ㄊㄨㄥ,ㄓ,,,,,,
1684,富翁,zj4,j/,,,,,,,ㄈㄨˋ,ㄨㄥ,,,,,,
1685,景象,ru/3,vu;4,,,,,,,ㄐㄧㄥˇ,ㄒㄧㄤˋ,,,,,,
1686,提醒,wu6,vu/3,,,,,,,ㄊㄧˊ,ㄒㄧㄥˇ,,,,,,
1687,窗口,tj;,d.3,,,,,,,ㄔㄨㄤ,ㄎㄡˇ,,,,,,
1688,短處,2j03,tj4,,,,,,,ㄉㄨㄢˇ,ㄔㄨˋ,,,,,,
1689,塑膠,nj4,rul,,,,,,,ㄙㄨˋ,ㄐㄧㄠ,,,,,,
1690,歌仔戲,ek,y3,vu4,,ek,y93,vu4,,ㄍㄜ,ㄗˇ,ㄒㄧˋ,,ㄍㄜ,ㄗㄞˇ,ㄒㄧˋ,
1691,熱量,bk4,xu;4,,,,,,,ㄖㄜˋ,ㄌㄧㄤˋ,,,,,,
1692,澎湖,q/6,cj6,,,,,,,ㄆㄥˊ,ㄏㄨˊ,,,,,,
1693,整數,5/3,gj4,,,,,,,ㄓㄥˇ,ㄕㄨˋ,,,,,,
1694,螃蟹,q;6,"vu,4",,,,,,,ㄆㄤˊ,ㄒㄧㄝˋ,,,,,,
1695,親切,fup,"fu,4",,,,,,,ㄑㄧㄣ,ㄑㄧㄝˋ,,,,,,
1696,礦物,dj;4,j4,,,,,,,ㄎㄨㄤˋ,ㄨˋ,,,,,,
1697,關於,ej0,m6,,,,,,,ㄍㄨㄢ,ㄩˊ,,,,,,
1698,凡是,z06,g4,,,,,,,ㄈㄢˊ,ㄕˋ,,,,,,
1699,大會,284,cjo4,,,,,,,ㄉㄚˋ,ㄏㄨㄟˋ,,,,,,
1700,大型,284,vu/6,,,,,,,ㄉㄚˋ,ㄒㄧㄥˊ,,,,,,
1701,青草,fu/,hl3,,,,,,,ㄑㄧㄥ,ㄘㄠˇ,,,,,,
1702,不知不覺,1j4,5,1j4,"rm,6",,,,,ㄅㄨˋ,ㄓ,ㄅㄨˋ,ㄐㄩㄝˊ,,,,
1703,心理,vup,xu3,,,,,,,ㄒㄧㄣ,ㄌㄧˇ,,,,,,
1704,花木蘭,cj8,aj4,x06,,,,,,ㄏㄨㄚ,ㄇㄨˋ,ㄌㄢˊ,,,,,
1705,月考,"m,4",dl3,,,,,,,ㄩㄝˋ,ㄎㄠˇ,,,,,,
1706,木塊,aj4,dj94,,,,,,,ㄇㄨˋ,ㄎㄨㄞˋ,,,,,,
1707,文明,jp6,au/6,,,,,,,ㄨㄣˊ,ㄇㄧㄥˊ,,,,,,
1708,幼稚園,u.4,54,m06,,,,,,ㄧㄡˋ,ㄓˋ,ㄩㄢˊ,,,,,
1709,民歌,aup6,ek,,,,,,,ㄇㄧㄣˊ,ㄍㄜ,,,,,,
1710,市場,g4,t;3,,,,,,,ㄕˋ,ㄔㄤˇ,,,,,,
1711,正常,5/4,t;6,,,,,,,ㄓㄥˋ,ㄔㄤˊ,,,,,,
1712,交換,rul,cj04,,,,,,,ㄐㄧㄠ,ㄏㄨㄢˋ,,,,,,
1713,同意,wj/6,u4,,,,,,,ㄊㄨㄥˊ,ㄧˋ,,,,,,
1714,曲調,fm3,2ul4,,,,,,,ㄑㄩˇ,ㄉㄧㄠˋ,,,,,,
1715,舌頭,gk6,w.6,,,gk6,w.7,,,ㄕㄜˊ,ㄊㄡˊ,,,ㄕㄜˊ,ㄊㄡ˙,,
1716,自我,y4,ji3,,,,,,,ㄗˋ,ㄨㄛˇ,,,,,,
1717,形象,vu/6,vu;4,,,,,,,ㄒㄧㄥˊ,ㄒㄧㄤˋ,,,,,,
1718,足夠,yj6,e.4,,,,,,,ㄗㄨˊ,ㄍㄡˋ,,,,,,
1719,災區,y9,fm,,,,,,,ㄗㄞ,ㄑㄩ,,,,,,
1720,身高,gp,el,,,,,,,ㄕㄣ,ㄍㄠ,,,,,,
1721,拇指,aj3,53,,,,,,,ㄇㄨˇ,ㄓˇ,,,,,,
1722,炎熱,u06,bk4,,,,,,,ㄧㄢˊ,ㄖㄜˋ,,,,,,
1723,空地,dj/4,2u4,,,,,,,ㄎㄨㄥˋ,ㄉㄧˋ,,,,,,
1724,為何,jo4,ck6,,,,,,,ㄨㄟˋ,ㄏㄜˊ,,,,,,
1725,約翰,"m,",c04,,,,,,,ㄩㄝ,ㄏㄢˋ,,,,,,
1726,旅館,xm3,ej03,,,,,,,ㄌㄩˇ,ㄍㄨㄢˇ,,,,,,
1727,時鐘,g6,5j/,,,,,,,ㄕˊ,ㄓㄨㄥ,,,,,,
1728,烏鴉,j,u8,,,,,,,ㄨ,ㄧㄚ,,,,,,
1729,特地,wk4,2u4,,,,,,,ㄊㄜˋ,ㄉㄧˋ,,,,,,
1730,海倫,c93,xjp6,,,,,,,ㄏㄞˇ,ㄌㄨㄣˊ,,,,,,
1731,能量,s/6,xu;4,,,,,,,ㄋㄥˊ,ㄌㄧㄤˋ,,,,,,
1732,缺點,"fm,",2u03,,,,,,,ㄑㄩㄝ,ㄉㄧㄢˇ,,,,,,
1733,神經,gp6,ru/,,,,,,,ㄕㄣˊ,ㄐㄧㄥ,,,,,,
1734,做出,yji4,tj,,,,,,,ㄗㄨㄛˋ,ㄔㄨ,,,,,,
1735,捨不得,gk3,1j4,2k6,,,,,,ㄕㄜˇ,ㄅㄨˋ,ㄉㄜˊ,,,,,
1736,連忙,xu06,a;6,,,,,,,ㄌㄧㄢˊ,ㄇㄤˊ,,,,,,
1737,畫面,cj84,au04,,,,,,,ㄏㄨㄚˋ,ㄇㄧㄢˋ,,,,,,
1738,農業,sj/6,"u,4",,,,,,,ㄋㄨㄥˊ,ㄧㄝˋ,,,,,,
1739,詳細,vu;6,vu4,,,,,,,ㄒㄧㄤˊ,ㄒㄧˋ,,,,,,
1740,請教,fu/3,rul4,,,,,,,ㄑㄧㄥˇ,ㄐㄧㄠˋ,,,,,,
1741,複雜,zj4,y86,,,,,,,ㄈㄨˋ,ㄗㄚˊ,,,,,,
1742,衛生,jo4,g/,,,,,,,ㄨㄟˋ,ㄕㄥ,,,,,,
1743,隨時,njo6,g6,,,,,,,ㄙㄨㄟˊ,ㄕˊ,,,,,,
1744,遵守,yjp,g.3,,,,,,,ㄗㄨㄣ,ㄕㄡˇ,,,,,,
1745,翻譯,z0,u4,,,,,,,ㄈㄢ,ㄧˋ,,,,,,
1746,鴿子,ek,y7,,,,,,,ㄍㄜ,ㄗ˙,,,,,,
1747,鱷魚,k4,m6,,,,,,,ㄜˋ,ㄩˊ,,,,,,
1748,一旦,u6,204,,,,,,,ㄧˊ,ㄉㄢˋ,,,,,,
1749,女王,sm3,j;6,,,,,,,ㄋㄩˇ,ㄨㄤˊ,,,,,,
1750,都市,2j,g4,,,,,,,ㄉㄨ,ㄕˋ,,,,,,
1751,四邊形,n4,1u0,vu/6,,,,,,ㄙˋ,ㄅㄧㄢ,ㄒㄧㄥˊ,,,,,
1752,皮球,qu6,fu.6,,,,,,,ㄆㄧˊ,ㄑㄧㄡˊ,,,,,,
1753,田野,wu06,"u,3",,,,,,,ㄊㄧㄢˊ,ㄧㄝˇ,,,,,,
1754,各式各樣,ek4,g4,ek4,u;4,,,,,ㄍㄜˋ,ㄕˋ,ㄍㄜˋ,ㄧㄤˋ,,,,
1755,名單,au/6,20,,,,,,,ㄇㄧㄥˊ,ㄉㄢ,,,,,,
1756,免費,au03,zo4,,,,,,,ㄇㄧㄢˇ,ㄈㄟˋ,,,,,,
1757,沙灘,g8,w0,,,,,,,ㄕㄚ,ㄊㄢ,,,,,,
1758,思念,n,su04,,,,,,,ㄙ,ㄋㄧㄢˋ,,,,,,
1759,斧頭,zj3,w.6,,,zj3,w.7,,,ㄈㄨˇ,ㄊㄡˊ,,,ㄈㄨˇ,ㄊㄡ˙,,
1760,東方,2j/,z;,,,,,,,ㄉㄨㄥ,ㄈㄤ,,,,,,
1761,注釋,5j4,g4,,,,,,,ㄓㄨˋ,ㄕˋ,,,,,,
1762,花草樹木,cj8,hl3,gj4,aj4,,,,,ㄏㄨㄚ,ㄘㄠˇ,ㄕㄨˋ,ㄇㄨˋ,,,,
1763,便宜,qu06,u6,,,,,,,ㄆㄧㄢˊ,ㄧˊ,,,,,,
1764,便條,1u04,wul6,,,,,,,ㄅㄧㄢˋ,ㄊㄧㄠˊ,,,,,,
1765,前來,fu06,x96,,,,,,,ㄑㄧㄢˊ,ㄌㄞˊ,,,,,,
1766,珍貴,5p,ejo4,,,,,,,ㄓㄣ,ㄍㄨㄟˋ,,,,,,
1767,相等,vu;,2/3,,,,,,,ㄒㄧㄤ,ㄉㄥˇ,,,,,,
1768,胡迪,cj6,2u6,,,,,,,ㄏㄨˊ,ㄉㄧˊ,,,,,,
1769,書籍,gj,ru6,,,,,,,ㄕㄨ,ㄐㄧˊ,,,,,,
1770,校友,vul4,u.3,,,,,,,ㄒㄧㄠˋ,ㄧㄡˇ,,,,,,
1771,特點,wk4,2u03,,,,,,,ㄊㄜˋ,ㄉㄧㄢˇ,,,,,,
1772,草地,hl3,2u4,,,,,,,ㄘㄠˇ,ㄉㄧˋ,,,,,,
1773,能源,s/6,m06,,,,,,,ㄋㄥˊ,ㄩㄢˊ,,,,,,
1774,神奇,gp6,fu6,,,,,,,ㄕㄣˊ,ㄑㄧˊ,,,,,,
1775,記號,ru4,cl4,,,,,,,ㄐㄧˋ,ㄏㄠˋ,,,,,,
1776,騎馬,fu6,a83,,,,,,,ㄑㄧˊ,ㄇㄚˇ,,,,,,
1777,追憶,5jo,u4,,,,,,,ㄓㄨㄟ,ㄧˋ,,,,,,
1778,強調,fu;6,2ul4,,,,,,,ㄑㄧㄤˊ,ㄉㄧㄠˋ,,,,,,
1779,教材,rul4,h96,,,,,,,ㄐㄧㄠˋ,ㄘㄞˊ,,,,,,
1780,深入,gp,bj4,,,,,,,ㄕㄣ,ㄖㄨˋ,,,,,,
1781,深刻,gp,dk4,,,,,,,ㄕㄣ,ㄎㄜˋ,,,,,,
1782,蛋糕,204,el,,,,,,,ㄉㄢˋ,ㄍㄠ,,,,,,
1783,麻雀,a86,"fm,4",,,,,,,ㄇㄚˊ,ㄑㄩㄝˋ,,,,,,
1784,魚類,m6,xo4,,,,,,,ㄩˊ,ㄌㄟˋ,,,,,,
1785,傍晚,1;,j03,,,,,,,ㄅㄤ,ㄨㄢˇ,,,,,,
1786,勝利,g/4,xu4,,,,,,,ㄕㄥˋ,ㄌㄧˋ,,,,,,
1787,尊敬,yjp,ru/4,,,,,,,ㄗㄨㄣ,ㄐㄧㄥˋ,,,,,,
1788,提到,wu6,2l4,,,,,,,ㄊㄧˊ,ㄉㄠˋ,,,,,,
1789,硬幣,u/4,1u4,,,,,,,ㄧㄥˋ,ㄅㄧˋ,,,,,,
1790,窗戶,tj;,cj4,,,,,,,ㄔㄨㄤ,ㄏㄨˋ,,,,,,
1791,貴族,ejo4,yj6,,,,,,,ㄍㄨㄟˋ,ㄗㄨˊ,,,,,,
1792,黃金,cj;6,rup,,,,,,,ㄏㄨㄤˊ,ㄐㄧㄣ,,,,,,
1793,黑暗,co,04,,,,,,,ㄏㄟ,ㄢˋ,,,,,,
1794,黃昏,cj;6,cjp,,,,,,,ㄏㄨㄤˊ,ㄏㄨㄣ,,,,,,
1795,媽祖,a8,yj3,,,,,,,ㄇㄚ,ㄗㄨˇ,,,,,,
1796,詢問,vmp6,jp4,,,,,,,ㄒㄩㄣˊ,ㄨㄣˋ,,,,,,
1797,裝置,5j;,54,,,,,,,ㄓㄨㄤ,ㄓˋ,,,,,,
1798,圖片,wj6,qu04,,,,,,,ㄊㄨˊ,ㄆㄧㄢˋ,,,,,,
1799,睡著,gjo4,5l6,,,,,,,ㄕㄨㄟˋ,ㄓㄠˊ,,,,,,
1800,臺北,w96,1o3,,,,,,,ㄊㄞˊ,ㄅㄟˇ,,,,,,
1801,蜘蛛,5,5j,,,,,,,ㄓ,ㄓㄨ,,,,,,
1802,製造,54,yl4,,,,,,,ㄓˋ,ㄗㄠˋ,,,,,,
1803,精彩,ru/,h93,,,,,,,ㄐㄧㄥ,ㄘㄞˇ,,,,,,
1804,標準,1ul,5jp3,,,,,,,ㄅㄧㄠ,ㄓㄨㄣˇ,,,,,,
1805,養成,u;3,t/6,,,,,,,ㄧㄤˇ,ㄔㄥˊ,,,,,,
1806,學童,"vm,6",wj/6,,,,,,,ㄒㄩㄝˊ,ㄊㄨㄥˊ,,,,,,
1807,錢幣,fu06,1u4,,,,,,,ㄑㄧㄢˊ,ㄅㄧˋ,,,,,,
1808,貓頭鷹,al,w.6,u/,,,,,,ㄇㄠ,ㄊㄡˊ,ㄧㄥ,,,,,
1809,繁榮,z06,bj/6,,,,,,,ㄈㄢˊ,ㄖㄨㄥˊ,,,,,,
1810,玉石,m4,g6,,,,,,,ㄩˋ,ㄕˊ,,,,,,
1811,點心,2u03,vup,,,,,,,ㄉㄧㄢˇ,ㄒㄧㄣ,,,,,,
1812,懷念,cj96,su04,,,,,,,ㄏㄨㄞˊ,ㄋㄧㄢˋ,,,,,,
1813,關懷,ej0,cj96,,,,,,,ㄍㄨㄢ,ㄏㄨㄞˊ,,,,,,
1814,贊成,y04,t/6,,,,,,,ㄗㄢˋ,ㄔㄥˊ,,,,,,
1815,相加,vu;,ru8,,,,,,,ㄒㄧㄤ,ㄐㄧㄚ,,,,,,
1816,灌溉,ej04,e94,,,,,,,ㄍㄨㄢˋ,ㄍㄞˋ,,,,,,
1817,驚奇,ru/,fu6,,,,,,,ㄐㄧㄥ,ㄑㄧˊ,,,,,,
1818,大多,284,2ji,,,,,,,ㄉㄚˋ,ㄉㄨㄛ,,,,,,
1819,不一定,1j4,u6,2u/4,,,,,,ㄅㄨˋ,ㄧˊ,ㄉㄧㄥˋ,,,,,
1820,不由得,1j4,u.6,2k7,,,,,,ㄅㄨˋ,ㄧㄡˊ,ㄉㄜ˙,,,,,
1821,太平洋,w94,qu/6,u;6,,,,,,ㄊㄞˋ,ㄆㄧㄥˊ,ㄧㄤˊ,,,,,
1822,父母親,zj4,aj3,fup,,,,,,ㄈㄨˋ,ㄇㄨˇ,ㄑㄧㄣ,,,,,
1823,可惡,dk3,j4,,,,,,,ㄎㄜˇ,ㄨˋ,,,,,,
1824,北美洲,1o3,ao3,5.,,,,,,ㄅㄟˇ,ㄇㄟˇ,ㄓㄡ,,,,,
1825,必要,1u4,ul4,,,,,,,ㄅㄧˋ,ㄧㄠˋ,,,,,,
1826,各種,ek4,5j/3,,,,,,,ㄍㄜˋ,ㄓㄨㄥˇ,,,,,,
1827,印度,up4,2j4,,,,,,,ㄧㄣˋ,ㄉㄨˋ,,,,,,
1828,忍受,bp3,g.4,,,,,,,ㄖㄣˇ,ㄕㄡˋ,,,,,,
1829,彷彿,z;3,zj6,,,,,,,ㄈㄤˇ,ㄈㄨˊ,,,,,,
1830,快點,dj94,2u03,,,,,,,ㄎㄨㄞˋ,ㄉㄧㄢˇ,,,,,,
1831,抓住,5j8,5j4,,,,,,,ㄓㄨㄚ,ㄓㄨˋ,,,,,,
1832,求出,fu.6,tj,,,,,,,ㄑㄧㄡˊ,ㄔㄨ,,,,,,
1833,改進,e93,rup4,,,,,,,ㄍㄞˇ,ㄐㄧㄣˋ,,,,,,
1834,紅豆,cj/6,2.4,,,,,,,ㄏㄨㄥˊ,ㄉㄡˋ,,,,,,
1835,角色,rul3,nk4,,,"rm,6",nk4,,,ㄐㄧㄠˇ,ㄙㄜˋ,,,ㄐㄩㄝˊ,ㄙㄜˋ,,
1836,來不及,x96,1j4,ru6,,,,,,ㄌㄞˊ,ㄅㄨˋ,ㄐㄧˊ,,,,,
1837,制度,54,2j4,,,,,,,ㄓˋ,ㄉㄨˋ,,,,,,
1838,典禮,2u03,xu3,,,,,,,ㄉㄧㄢˇ,ㄌㄧˇ,,,,,,
1839,明白,au/6,196,,,,,,,ㄇㄧㄥˊ,ㄅㄞˊ,,,,,,
1840,狀態,5j;4,w94,,,,,,,ㄓㄨㄤˋ,ㄊㄞˋ,,,,,,
1841,花燈,cj8,2/,,,,,,,ㄏㄨㄚ,ㄉㄥ,,,,,,
1842,牙齒,u86,t3,,,,,,,ㄧㄚˊ,ㄔˇ,,,,,,
1843,指教,53,rul4,,,,,,,ㄓˇ,ㄐㄧㄠˋ,,,,,,
1844,相對,vu;,2jo4,,,,,,,ㄒㄧㄤ,ㄉㄨㄟˋ,,,,,,
1845,穿上,tj0,g;4,,,,,,,ㄔㄨㄢ,ㄕㄤˋ,,,,,,
1846,若是,bji4,g4,,,,,,,ㄖㄨㄛˋ,ㄕˋ,,,,,,
1847,風琴,z/,fup6,,,,,,,ㄈㄥ,ㄑㄧㄣˊ,,,,,,
1848,埃及,9,ru6,,,,,,,ㄞ,ㄐㄧˊ,,,,,,
1849,恐怖,dj/3,1j4,,,,,,,ㄎㄨㄥˇ,ㄅㄨˋ,,,,,,
1850,逃走,wl6,y.3,,,,,,,ㄊㄠˊ,ㄗㄡˇ,,,,,,
1851,假日,ru84,b4,,,,,,,ㄐㄧㄚˋ,ㄖˋ,,,,,,
1852,假如,ru83,bj6,,,,,,,ㄐㄧㄚˇ,ㄖㄨˊ,,,,,,
1853,細菌,vu4,rmp4,,,,,,,ㄒㄧˋ,ㄐㄩㄣˋ,,,,,,
1854,責任,yk6,bp4,,,,,,,ㄗㄜˊ,ㄖㄣˋ,,,,,,
1855,規模,ejo,ai6,,,,,,,ㄍㄨㄟ,ㄇㄛˊ,,,,,,
1856,傑出,"ru,6",tj,,,,,,,ㄐㄧㄝˊ,ㄔㄨ,,,,,,
1857,場所,t;3,nji3,,,,,,,ㄔㄤˇ,ㄙㄨㄛˇ,,,,,,
1858,富有,zj4,u.3,,,,,,,ㄈㄨˋ,ㄧㄡˇ,,,,,,
1859,普通,qj3,wj/,,,,,,,ㄆㄨˇ,ㄊㄨㄥ,,,,,,
1860,集中,ru6,5j/,,,,,,,ㄐㄧˊ,ㄓㄨㄥ,,,,,,
1861,微笑,jo6,vul4,,,,,,,ㄨㄟˊ,ㄒㄧㄠˋ,,,,,,
1862,詩歌,g,ek,,,,,,,ㄕ,ㄍㄜ,,,,,,
1863,葫蘆,cj6,xj6,,,,,,,ㄏㄨˊ,ㄌㄨˊ,,,,,,
1864,榮譽,bj/6,m4,,,,,,,ㄖㄨㄥˊ,ㄩˋ,,,,,,
1865,算出,nj04,tj,,,,,,,ㄙㄨㄢˋ,ㄔㄨ,,,,,,
1866,稱讚,t/,y04,,,,,,,ㄔㄥ,ㄗㄢˋ,,,,,,
1867,遙遠,ul6,m03,,,,,,,ㄧㄠˊ,ㄩㄢˇ,,,,,,
1868,熱心,bk4,vup,,,,,,,ㄖㄜˋ,ㄒㄧㄣ,,,,,,
1869,諸侯,5j,c.6,,,,,,,ㄓㄨ,ㄏㄡˊ,,,,,,
1870,據說,rm4,gji,,,,,,,ㄐㄩˋ,ㄕㄨㄛ,,,,,,
1871,隨便,njo6,1u04,,,,,,,ㄙㄨㄟˊ,ㄅㄧㄢˋ,,,,,,
1872,點頭,2u03,w.6,,,,,,,ㄉㄧㄢˇ,ㄊㄡˊ,,,,,,
1873,點燃,2u03,b06,,,,,,,ㄉㄧㄢˇ,ㄖㄢˊ,,,,,,
1874,顆粒,dk,xu4,,,,,,,ㄎㄜ,ㄌㄧˋ,,,,,,
1875,寶物,1l3,j4,,,,,,,ㄅㄠˇ,ㄨˋ,,,,,,
1876,譬如,qu4,bj6,,,,,,,ㄆㄧˋ,ㄖㄨˊ,,,,,,
1877,犧牲,vu,g/,,,,,,,ㄒㄧ,ㄕㄥ,,,,,,
1878,驕傲,rul,l4,,,,,,,ㄐㄧㄠ,ㄠˋ,,,,,,
1879,下降,vu84,ru;4,,,,,,,ㄒㄧㄚˋ,ㄐㄧㄤˋ,,,,,,
1880,大腦,284,sl3,,,,,,,ㄉㄚˋ,ㄋㄠˇ,,,,,,
1881,不得了,1j4,2k6,xul3,,,,,,ㄅㄨˋ,ㄉㄜˊ,ㄌㄧㄠˇ,,,,,
1882,內部,so4,1j4,,,,,,,ㄋㄟˋ,ㄅㄨˋ,,,,,,
1883,反對,z03,2jo4,,,,,,,ㄈㄢˇ,ㄉㄨㄟˋ,,,,,,
1884,皇后,cj;6,c.4,,,,,,,ㄏㄨㄤˊ,ㄏㄡˋ,,,,,,
1885,牛奶,su.6,s93,,,,,,,ㄋㄧㄡˊ,ㄋㄞˇ,,,,,,
1886,主持,5j3,t6,,,,,,,ㄓㄨˇ,ㄔˊ,,,,,,
1887,母親節,aj3,fup,"ru,6",,,,,,ㄇㄨˇ,ㄑㄧㄣ,ㄐㄧㄝˊ,,,,,
1888,收到,g.,2l4,,,,,,,ㄕㄡ,ㄉㄠˋ,,,,,,
1889,成員,t/6,m06,,,,,,,ㄔㄥˊ,ㄩㄢˊ,,,,,,
1890,字音,y4,up,,,,,,,ㄗˋ,ㄧㄣ,,,,,,
1891,池塘,t6,w;6,,,,,,,ㄔˊ,ㄊㄤˊ,,,,,,
1892,自行,y4,vu/6,,,,,,,ㄗˋ,ㄒㄧㄥˊ,,,,,,
1893,佛教,zi6,rul4,,,,,,,ㄈㄛˊ,ㄐㄧㄠˋ,,,,,,
1894,快樂,dj94,xk4,,,,,,,ㄎㄨㄞˋ,ㄌㄜˋ,,,,,,
1895,來源,x96,m06,,,,,,,ㄌㄞˊ,ㄩㄢˊ,,,,,,
1896,底下,2u3,vu84,,,,,,,ㄉㄧˇ,ㄒㄧㄚˋ,,,,,,
1897,明亮,au/6,xu;4,,,,,,,ㄇㄧㄥˊ,ㄌㄧㄤˋ,,,,,,
1898,客氣,dk4,fu4,,,,,,,ㄎㄜˋ,ㄑㄧˋ,,,,,,
1899,指針,53,5p,,,,,,,ㄓˇ,ㄓㄣ,,,,,,
1900,拼命,qup,au/4,,,,,,,ㄆㄧㄣ,ㄇㄧㄥˋ,,,,,,
1901,拚命,q04,au/4,,,,,,,ㄆㄢˋ,ㄇㄧㄥˋ,,,,,,
1902,流傳,xu.6,tj06,,,,,,,ㄌㄧㄡˊ,ㄔㄨㄢˊ,,,,,,
1903,流行,xu.6,vu/6,,,,,,,ㄌㄧㄡˊ,ㄒㄧㄥˊ,,,,,,
1904,軍隊,rmp,2jo4,,,,,,,ㄐㄩㄣ,ㄉㄨㄟˋ,,,,,,
1905,音樂家,up,"m,4",ru8,,,,,,ㄧㄣ,ㄩㄝˋ,ㄐㄧㄚ,,,,,
1906,差不多,t8,1j4,2ji,,t84,1j4,2ji,,ㄔㄚ,ㄅㄨˋ,ㄉㄨㄛ,,ㄔㄚˋ,ㄅㄨˋ,ㄉㄨㄛ,
1907,展覽室,503,x03,g4,,,,,,ㄓㄢˇ,ㄌㄢˇ,ㄕˋ,,,,,
1908,家事,ru8,g4,,,,,,,ㄐㄧㄚ,ㄕˋ,,,,,,
1909,差異,t8,u4,,,,,,,ㄔㄚ,ㄧˋ,,,,,,
1910,原始,m06,g3,,,,,,,ㄩㄢˊ,ㄕˇ,,,,,,
1911,海面,c93,au04,,,,,,,ㄏㄞˇ,ㄇㄧㄢˋ,,,,,,
1912,紙條,53,wul6,,,,,,,ㄓˇ,ㄊㄧㄠˊ,,,,,,
1913,除法,tj6,z83,,,,,,,ㄔㄨˊ,ㄈㄚˇ,,,,,,
1914,乾燥,e0,yl4,,,,,,,ㄍㄢ,ㄗㄠˋ,,,,,,
1915,堅硬,ru0,u/4,,,,,,,ㄐㄧㄢ,ㄧㄥˋ,,,,,,
1916,商店,g;,2u04,,,,,,,ㄕㄤ,ㄉㄧㄢˋ,,,,,,
1917,專家,5j0,ru8,,,,,,,ㄓㄨㄢ,ㄐㄧㄚ,,,,,,
1918,救命,ru.4,au/4,,,,,,,ㄐㄧㄡˋ,ㄇㄧㄥˋ,,,,,,
1919,晚飯,j03,0z4,,,,,,,ㄨㄢˇ,ㄢㄈˋ,,,,,,
1920,啟示,fu3,g4,,,,,,,ㄑㄧˇ,ㄕˋ,,,,,,
1921,貧窮,qup6,fm/6,,,,,,,ㄆㄧㄣˊ,ㄑㄩㄥˊ,,,,,,
1922,部位,1j4,jo4,,,,,,,ㄅㄨˋ,ㄨㄟˋ,,,,,,
1923,就讀,ru.4,2j6,,,,,,,ㄐㄧㄡˋ,ㄉㄨˊ,,,,,,
1924,報答,1l4,286,,,,,,,ㄅㄠˋ,ㄉㄚˊ,,,,,,
1925,無數,j6,gj4,,,,,,,ㄨˊ,ㄕㄨˋ,,,,,,
1926,無比,j6,1u3,,,,,,,ㄨˊ,ㄅㄧˇ,,,,,,
1927,給予,eo3,m3,,,,,,,ㄍㄟˇ,ㄩˇ,,,,,,
1928,開發,d9,z8,,,,,,,ㄎㄞ,ㄈㄚ,,,,,,
1929,填入,wu06,bj4,,,,,,,ㄊㄧㄢˊ,ㄖㄨˋ,,,,,,
1930,園地,m06,2u4,,,,,,,ㄩㄢˊ,ㄉㄧˋ,,,,,,
1931,無敵,j6,2u6,,,,,,,ㄨˊ,ㄉㄧˊ,,,,,,
1932,碗筷,j03,dj94,,,,,,,ㄨㄢˇ,ㄎㄨㄞˋ,,,,,,
1933,夢想,a/4,vu;3,,,,,,,ㄇㄥˋ,ㄒㄧㄤˇ,,,,,,
1934,樂曲,"m,4",fm3,,,,,,,ㄩㄝˋ,ㄑㄩˇ,,,,,,
1935,課外讀物,dk4,j94,2j6,j4,,,,,ㄎㄜˋ,ㄨㄞˋ,ㄉㄨˊ,ㄨˋ,,,,
1936,緣故,m06,ej4,,,,,,,ㄩㄢˊ,ㄍㄨˋ,,,,,,
1937,請問,fu/3,jp4,,,,,,,ㄑㄧㄥˇ,ㄨㄣˋ,,,,,,
1938,遭遇,yl,m4,,,,,,,ㄗㄠ,ㄩˋ,,,,,,
1939,獨立,2j6,xu4,,,,,,,ㄉㄨˊ,ㄌㄧˋ,,,,,,
1940,積極,ru,ru6,,,,,,,ㄐㄧ,ㄐㄧˊ,,,,,,
1941,獨特,2j6,wk4,,,,,,,ㄉㄨˊ,ㄊㄜˋ,,,,,,
1942,燈光,2/,ej;,,,,,,,ㄉㄥ,ㄍㄨㄤ,,,,,,
1943,糖果,w;6,eji3,,,,,,,ㄊㄤˊ,ㄍㄨㄛˇ,,,,,,
1944,戲曲,vu4,fm3,,,,,,,ㄒㄧˋ,ㄑㄩˇ,,,,,,
1945,藥物,ul4,j4,,,,,,,ㄧㄠˋ,ㄨˋ,,,,,,
1946,籃球,x06,fu.6,,,,,,,ㄌㄢˊ,ㄑㄧㄡˊ,,,,,,
1947,鐵路,"wu,3",xj4,,,,,,,ㄊㄧㄝˇ,ㄌㄨˋ,,,,,,
1948,麵包,au04,1l,,,,,,,ㄇㄧㄢˋ,ㄅㄠ,,,,,,
1949,一再,u6,y94,,,,,,,ㄧˊ,ㄗㄞˋ,,,,,,
1950,下令,vu84,xu/4,,,,,,,ㄒㄧㄚˋ,ㄌㄧㄥˋ,,,,,,
1951,大多數,284,2ji,gj4,,,,,,ㄉㄚˋ,ㄉㄨㄛ,ㄕㄨˋ,,,,,
1952,大氣層,284,fu4,h/6,,,,,,ㄉㄚˋ,ㄑㄧˋ,ㄘㄥˊ,,,,,
1953,內心,so4,vup,,,,,,,ㄋㄟˋ,ㄒㄧㄣ,,,,,,
1954,水流,gjo3,xu.6,,,,,,,ㄕㄨㄟˇ,ㄌㄧㄡˊ,,,,,,
1955,付出,zj4,tj,,,,,,,ㄈㄨˋ,ㄔㄨ,,,,,,
1956,打掃,283,nl3,,,,,,,ㄉㄚˇ,ㄙㄠˇ,,,,,,
1957,皮卡丘,qu6,d83,fu.,,,,,,ㄆㄧˊ,ㄎㄚˇ,ㄑㄧㄡ,,,,,
1958,火影忍者,cji3,u/3,bp3,5k3,,,,,ㄏㄨㄛˇ,ㄧㄥˇ,ㄖㄣˇ,ㄓㄜˇ,,,,
1959,全家,fm06,ru8,,,,,,,ㄑㄩㄢˊ,ㄐㄧㄚ,,,,,,
1960,地理,2u4,xu3,,,,,,,ㄉㄧˋ,ㄌㄧˇ,,,,,,
1961,地圖,2u4,wj6,,,,,,,ㄉㄧˋ,ㄊㄨˊ,,,,,,
1962,曲目,fm3,aj4,,,,,,,ㄑㄩˇ,ㄇㄨˋ,,,,,,
1963,死去,n3,fm4,,,,,,,ㄙˇ,ㄑㄩˋ,,,,,,
1964,李白,xu3,196,,,,,,,ㄌㄧˇ,ㄅㄞˊ,,,,,,
1965,身旁,gp,q;6,,,,,,,ㄕㄣ,ㄆㄤˊ,,,,,,
1966,依據,u,rm4,,,,,,,ㄧ,ㄐㄩˋ,,,,,,
1967,例句,xu4,rm4,,,,,,,ㄌㄧˋ,ㄐㄩˋ,,,,,,
1968,供應,ej/,u/4,,,,,,,ㄍㄨㄥ,ㄧㄥˋ,,,,,,
1969,妳們,su3,ap7,,,,,,,ㄋㄧˇ,ㄇㄣ˙,,,,,,
1970,明月,au/6,"m,4",,,,,,,ㄇㄧㄥˊ,ㄩㄝˋ,,,,,,
1971,放大,z;4,284,,,,,,,ㄈㄤˋ,ㄉㄚˋ,,,,,,
1972,放下,z;4,vu84,,,,,,,ㄈㄤˋ,ㄒㄧㄚˋ,,,,,,
1973,法律,z83,xm4,,,,,,,ㄈㄚˇ,ㄌㄩˋ,,,,,,
1974,信用,vup4,m/4,,,,,,,ㄒㄧㄣˋ,ㄩㄥˋ,,,,,,
1975,品質,qup3,56,,,,,,,ㄆㄧㄣˇ,ㄓˊ,,,,,,
1976,流水,xu.6,gjo3,,,,,,,ㄌㄧㄡˊ,ㄕㄨㄟˇ,,,,,,
1977,英俊,u/,rmp4,,,,,,,ㄧㄥ,ㄐㄩㄣˋ,,,,,,
1978,耐心,s94,vup,,,,,,,ㄋㄞˋ,ㄒㄧㄣ,,,,,,
1979,香包,vu;,1l,,,,,,,ㄒㄧㄤ,ㄅㄠ,,,,,,
1980,飛舞,zo,j3,,,,,,,ㄈㄟ,ㄨˇ,,,,,,
1981,員外,m06,j94,,,,,,,ㄩㄢˊ,ㄨㄞˋ,,,,,,
1982,哺乳動物,1j3,bj3,2j/4,j4,,,,,ㄅㄨˇ,ㄖㄨˇ,ㄉㄨㄥˋ,ㄨˋ,,,,
1983,剛好,e;,cl3,,,,,,,ㄍㄤ,ㄏㄠˇ,,,,,,
1984,桃太郎,wl6,w94,x;6,,,,,,ㄊㄠˊ,ㄊㄞˋ,ㄌㄤˊ,,,,,
1985,耕耘,e/,mp6,,,,,,,ㄍㄥ,ㄩㄣˊ,,,,,,
1986,訊息,vmp4,vu6,,,,,,,ㄒㄩㄣˋ,ㄒㄧˊ,,,,,,
1987,梅花,ao6,cj8,,,,,,,ㄇㄟˊ,ㄏㄨㄚ,,,,,,
1988,梅蘭竹菊,ao6,x06,5j6,rm6,,,,,ㄇㄟˊ,ㄌㄢˊ,ㄓㄨˊ,ㄐㄩˊ,,,,
1989,寄居蟹,ru4,rm,"vu,4",,,,,,ㄐㄧˋ,ㄐㄩ,ㄒㄧㄝˋ,,,,,
1990,接到,"ru,",2l4,,,,,,,ㄐㄧㄝ,ㄉㄠˋ,,,,,,
1991,排泄,q96,"vu,4",,,,,,,ㄆㄞˊ,ㄒㄧㄝˋ,,,,,,
1992,混合,cjp4,ck6,,,cjp3,ck6,,,ㄏㄨㄣˋ,ㄏㄜˊ,,,ㄏㄨㄣˇ,ㄏㄜˊ,,
1993,統一,wj/3,u,,,,,,,ㄊㄨㄥˇ,ㄧ,,,,,,
1994,獨立,2j6,xu4,,,,,,,ㄉㄨˊ,ㄌㄧˋ,,,,,,
1995,報名,1l4,au/6,,,,,,,ㄅㄠˋ,ㄇㄧㄥˊ,,,,,,
1996,發育,z8,m4,,,,,,,ㄈㄚ,ㄩˋ,,,,,,
1997,童年,wj/6,su06,,,,,,,ㄊㄨㄥˊ,ㄋㄧㄢˊ,,,,,,
1998,進步,rup4,1j4,,,,,,,ㄐㄧㄣˋ,ㄅㄨˋ,,,,,,
1999,愛迪生,94,2u6,g/,,,,,,ㄞˋ,ㄉㄧˊ,ㄕㄥ,,,,,
2000,溫和,jp,ck6,,,,,,,ㄨㄣ,ㄏㄜˊ,,,,,,
2001,經由,ru/,u.6,,,,,,,ㄐㄧㄥ,ㄧㄡˊ,,,,,,
2002,經歷,ru/,xu4,,,,,,,ㄐㄧㄥ,ㄌㄧˋ,,,,,,
2003,腳步,rul3,1j4,,,,,,,ㄐㄧㄠˇ,ㄅㄨˋ,,,,,,
2004,當中,2;,5j/,,,,,,,ㄉㄤ,ㄓㄨㄥ,,,,,,
2005,解說,"ru,3",gji,,,,,,,ㄐㄧㄝˇ,ㄕㄨㄛ,,,,,,
2006,對象,2jo4,vu;4,,,,,,,ㄉㄨㄟˋ,ㄒㄧㄤˋ,,,,,,
2007,種族,5j/3,yj6,,,,,,,ㄓㄨㄥˇ,ㄗㄨˊ,,,,,,
2008,語文,m3,jp6,,,,,,,ㄩˇ,ㄨㄣˊ,,,,,,
2009,彰化,5;,cj84,,,,,,,ㄓㄤ,ㄏㄨㄚˋ,,,,,,
2010,偏遠,qu0,m03,,,,,,,ㄆㄧㄢ,ㄩㄢˇ,,,,,,
2011,金銀財寶,rup,up6,h96,1l3,,,,,ㄐㄧㄣ,ㄧㄣˊ,ㄘㄞˊ,ㄅㄠˇ,,,,
2012,橘子,rm6,y7,,,,,,,ㄐㄩˊ,ㄗ˙,,,,,,
2013,整潔,5/3,"ru,6",,,,,,,ㄓㄥˇ,ㄐㄧㄝˊ,,,,,,
2014,懂得,2j/3,2k7,,,,,,,ㄉㄨㄥˇ,ㄉㄜ˙,,,,,,
2015,舉起,rm3,fu3,,,,,,,ㄐㄩˇ,ㄑㄧˇ,,,,,,
2016,露珠,xj4,5j,,,,,,,ㄌㄨˋ,ㄓㄨ,,,,,,
2017,一同,u4,wj/6,,,,,,,ㄧˋ,ㄊㄨㄥˊ,,,,,,
2018,上前,g;4,fu06,,,,,,,ㄕㄤˋ,ㄑㄧㄢˊ,,,,,,
2019,工作室,ej/,yji4,g4,,,,,,ㄍㄨㄥ,ㄗㄨㄛˋ,ㄕˋ,,,,,
2020,容易,bj/6,u4,,,,,,,ㄖㄨㄥˊ,ㄧˋ,,,,,,
2021,分泌,zp,au4,,,,,,,ㄈㄣ,ㄇㄧˋ,,,,,,
2022,手指,g.3,53,,,,,,,ㄕㄡˇ,ㄓˇ,,,,,,
2023,水蒸氣,gjo3,5/,fu4,,,,,,ㄕㄨㄟˇ,ㄓㄥ,ㄑㄧˋ,,,,,
2024,平日,qu/6,b4,,,,,,,ㄆㄧㄥˊ,ㄖˋ,,,,,,
2025,石像,g6,vu;4,,,,,,,ㄕˊ,ㄒㄧㄤˋ,,,,,,
2026,石灰,g6,cjo,,,,,,,ㄕˊ,ㄏㄨㄟ,,,,,,
2027,申請,gp,fu/3,,,,,,,ㄕㄣ,ㄑㄧㄥˇ,,,,,,
2028,光明,ej;,au/6,,,,,,,ㄍㄨㄤ,ㄇㄧㄥˊ,,,,,,
2029,因而,up,-6,,,,,,,ㄧㄣ,ㄦˊ,,,,,,
2030,簡單,ru03,20,,,,,,,ㄐㄧㄢˇ,ㄉㄢ,,,,,,
2031,自然界,y4,b06,"ru,4",,,,,,ㄗˋ,ㄖㄢˊ,ㄐㄧㄝˋ,,,,,
2032,走出,y.3,tj,,,,,,,ㄗㄡˇ,ㄔㄨ,,,,,,
2033,世界,g4,"ru,4",,,,,,,ㄕˋ,ㄐㄧㄝˋ,,,,,,
2034,拒絕,rm4,"rm,6",,,,,,,ㄐㄩˋ,ㄐㄩㄝˊ,,,,,,
2035,招待,5l,294,,,,,,,ㄓㄠ,ㄉㄞˋ,,,,,,
2036,注視,5j4,g4,,,,,,,ㄓㄨˋ,ㄕˋ,,,,,,
2037,直線,56,vu04,,,,,,,ㄓˊ,ㄒㄧㄢˋ,,,,,,
2038,城堡,t/6,1l3,,,,,,,ㄔㄥˊ,ㄅㄠˇ,,,,,,
2039,青年,fu/,su06,,,,,,,ㄑㄧㄥ,ㄋㄧㄢˊ,,,,,,
2040,前後,fu06,c.4,,,,,,,ㄑㄧㄢˊ,ㄏㄡˋ,,,,,,
2041,故事書,ej4,g4,gj,,,,,,ㄍㄨˋ,ㄕˋ,ㄕㄨ,,,,,
2042,拜年,194,su06,,,,,,,ㄅㄞˋ,ㄋㄧㄢˊ,,,,,,
2043,個數,ek4,gj4,,,,,,,ㄍㄜˋ,ㄕㄨˋ,,,,,,
2044,風雨,z/,m3,,,,,,,ㄈㄥ,ㄩˇ,,,,,,
2045,哺乳,1j3,bj3,,,,,,,ㄅㄨˇ,ㄖㄨˇ,,,,,,
2046,神氣,gp6,fu4,,,,,,,ㄕㄣˊ,ㄑㄧˋ,,,,,,
2047,臭屁,t.4,qu4,,,,,,,ㄔㄡˋ,ㄆㄧˋ,,,,,,
2048,婦女,zj4,sm3,,,,,,,ㄈㄨˋ,ㄋㄩˇ,,,,,,
2049,動手,2j/4,g.3,,,,,,,ㄉㄨㄥˋ,ㄕㄡˇ,,,,,,
2050,堆積,2jo,ru,,,,,,,ㄉㄨㄟ,ㄐㄧ,,,,,,
2051,堅定,ru0,2u/4,,,,,,,ㄐㄧㄢ,ㄉㄧㄥˋ,,,,,,
2052,密切,au4,"fu,4",,,,,,,ㄇㄧˋ,ㄑㄧㄝˋ,,,,,,
2053,採取,h93,fm3,,,,,,,ㄘㄞˇ,ㄑㄩˇ,,,,,,
2054,殺死,g8,n3,,,,,,,ㄕㄚ,ㄙˇ,,,,,,
2055,部下,1j4,vu84,,,,,,,ㄅㄨˋ,ㄒㄧㄚˋ,,,,,,
2056,頂點,2u/3,2u03,,,,,,,ㄉㄧㄥˇ,ㄉㄧㄢˇ,,,,,,
2057,場面,t;3,au04,,,,,,,ㄔㄤˇ,ㄇㄧㄢˋ,,,,,,
2058,感冒,e03,al4,,,,,,,ㄍㄢˇ,ㄇㄠˋ,,,,,,
2059,煩惱,z06,sl3,,,,,,,ㄈㄢˊ,ㄋㄠˇ,,,,,,
2060,照射,5l4,gk4,,,,,,,ㄓㄠˋ,ㄕㄜˋ,,,,,,
2061,當初,2;,tj,,,,,,,ㄉㄤ,ㄔㄨ,,,,,,
2062,補充,1j3,tj/,,,,,,,ㄅㄨˇ,ㄔㄨㄥ,,,,,,
2063,電線,2u04,vu04,,,,,,,ㄉㄧㄢˋ,ㄒㄧㄢˋ,,,,,,
2064,鈴鼓,xu/6,ej3,,,,,,,ㄌㄧㄥˊ,ㄍㄨˇ,,,,,,
2065,種植,5j/4,56,,,,,,,ㄓㄨㄥˋ,ㄓˊ,,,,,,
2066,盡量,rup4,xu;4,,,,,,,ㄐㄧㄣˋ,ㄌㄧㄤˋ,,,,,,
2067,儘量,rup3,xu;4,,,,,,,ㄐㄧㄣˇ,ㄌㄧㄤˋ,,,,,,
2068,說不定,gji,1j6,2u/4,,,,,,ㄕㄨㄛ,ㄅㄨˊ,ㄉㄧㄥˋ,,,,,
2069,儀器,u6,fu4,,,,,,,ㄧˊ,ㄑㄧˋ,,,,,,
2070,遠處,m03,tj4,,,,,,,ㄩㄢˇ,ㄔㄨˋ,,,,,,
2071,劇場,rm4,t;3,,,,,,,ㄐㄩˋ,ㄔㄤˇ,,,,,,
2072,盤古,q06,ej3,,,,,,,ㄆㄢˊ,ㄍㄨˇ,,,,,,
2073,標示,1ul,g4,,,,,,,ㄅㄧㄠ,ㄕˋ,,,,,,
2074,器材,fu4,h96,,,,,,,ㄑㄧˋ,ㄘㄞˊ,,,,,,
2075,操作,hl,yji4,,,,,,,ㄘㄠ,ㄗㄨㄛˋ,,,,,,
2076,壓歲錢,u8,njo4,fu06,,,,,,ㄧㄚ,ㄙㄨㄟˋ,ㄑㄧㄢˊ,,,,,
2077,燭火,5j6,cji3,,,,,,,ㄓㄨˊ,ㄏㄨㄛˇ,,,,,,
2078,總算,yj/3,nj04,,,,,,,ㄗㄨㄥˇ,ㄙㄨㄢˋ,,,,,,
2079,鮮花,vu0,cj8,,,,,,,ㄒㄧㄢ,ㄏㄨㄚ,,,,,,
2080,穩定,jp3,2u/4,,,,,,,ㄨㄣˇ,ㄉㄧㄥˋ,,,,,,
2081,鯊魚,g8,m6,,,,,,,ㄕㄚ,ㄩˊ,,,,,,
2082,珠寶,5j,1l3,,,,,,,ㄓㄨ,ㄅㄠˇ,,,,,,
2083,競賽,ru/4,n94,,,,,,,ㄐㄧㄥˋ,ㄙㄞˋ,,,,,,
2084,總共,yj/3,ej/4,,,,,,,ㄗㄨㄥˇ,ㄍㄨㄥˋ,,,,,,
2085,下棋,vu84,fu6,,,,,,,ㄒㄧㄚˋ,ㄑㄧˊ,,,,,,
2086,公布,ej/,1j4,,,,,,,ㄍㄨㄥ,ㄅㄨˋ,,,,,,
2087,分類,zp,xo4,,,,,,,ㄈㄣ,ㄌㄟˋ,,,,,,
2088,木琴,aj4,fup6,,,,,,,ㄇㄨˋ,ㄑㄧㄣˊ,,,,,,
2089,主張,5j3,5;,,,,,,,ㄓㄨˇ,ㄓㄤ,,,,,,
2090,半夜,104,"u,4",,,,,,,ㄅㄢˋ,ㄧㄝˋ,,,,,,
2091,外公,j94,ej/,,,,,,,ㄨㄞˋ,ㄍㄨㄥ,,,,,,
2092,古蹟,ej3,ru,,,,,,,ㄍㄨˇ,ㄐㄧ,,,,,,
2093,四處,n4,tj4,,,,,,,ㄙˋ,ㄔㄨˋ,,,,,,
2094,好朋友,cl3,q/6,u.3,,,,,,ㄏㄠˇ,ㄆㄥˊ,ㄧㄡˇ,,,,,
2095,安慰,0,jo4,,,,,,,ㄢ,ㄨㄟˋ,,,,,,
2096,年度,su06,2j4,,,,,,,ㄋㄧㄢˊ,ㄉㄨˋ,,,,,,
2097,成語,t/6,m3,,,,,,,ㄔㄥˊ,ㄩˇ,,,,,,
2098,成熟,t/6,g.6,,,,,,,ㄔㄥˊ,ㄕㄡˊ,,,,,,
2099,百分率,193,zp3,xm4,,,,,,ㄅㄞˇ,ㄈㄣˇ,ㄌㄩˋ,,,,,
2100,行駛,vu/6,g3,,,,,,,ㄒㄧㄥˊ,ㄕˇ,,,,,,
2101,迅速,vmp4,nj4,,,,,,,ㄒㄩㄣˋ,ㄙㄨˋ,,,,,,
2102,辛勤,vup,fup6,,,,,,,ㄒㄧㄣ,ㄑㄧㄣˊ,,,,,,
2103,侍衛,g4,jo4,,,,,,,ㄕˋ,ㄨㄟˋ,,,,,,
2104,事務,g4,j4,,,,,,,ㄕˋ,ㄨˋ,,,,,,
2105,宜蘭,u6,x06,,,,,,,ㄧˊ,ㄌㄢˊ,,,,,,
2106,注音符號,5j4,up,zj6,cl4,,,,,ㄓㄨˋ,ㄧㄣ,ㄈㄨˊ,ㄏㄠˋ,,,,
2107,肩膀,ru0,1;3,,,,,,,ㄐㄧㄢ,ㄅㄤˇ,,,,,,
2108,阿姨,8,u6,,,,,,,ㄚ,ㄧˊ,,,,,,
2109,南北,s06,1o3,,,,,,,ㄋㄢˊ,ㄅㄟˇ,,,,,,
2110,娃娃,j86,j87,,,j86,j86,,,ㄨㄚˊ,ㄨㄚ˙,,,ㄨㄚˊ,ㄨㄚˊ,,
2111,建造,ru04,yl4,,,,,,,ㄐㄧㄢˋ,ㄗㄠˋ,,,,,,
2112,星光,vu/,ej;,,,,,,,ㄒㄧㄥ,ㄍㄨㄤ,,,,,,
2113,盼望,q04,j;4,,,,,,,ㄆㄢˋ,ㄨㄤˋ,,,,,,
2114,相知相惜,vu;,5,vu;,vu6,,,,,ㄒㄧㄤ,ㄓ,ㄒㄧㄤ,ㄒㄧˊ,,,,
2115,突起,wj6,fu3,,,,,,,ㄊㄨˊ,ㄑㄧˇ,,,,,,
2116,個性,ek4,vu/4,,,,,,,ㄍㄜˋ,ㄒㄧㄥˋ,,,,,,
2117,面臨,au04,xup6,,,,,,,ㄇㄧㄢˋ,ㄌㄧㄣˊ,,,,,,
2118,扇子,g04,y7,,,,,,,ㄕㄢˋ,ㄗ˙,,,,,,
2119,恐怕,dj/3,q84,,,,,,,ㄎㄨㄥˇ,ㄆㄚˋ,,,,,,
2120,特展,wk4,503,,,,,,,ㄊㄜˋ,ㄓㄢˇ,,,,,,
2121,記住,ru4,5j4,,,,,,,ㄐㄧˋ,ㄓㄨˋ,,,,,,
2122,採用,h93,m/4,,,,,,,ㄘㄞˇ,ㄩㄥˋ,,,,,,
2123,推出,wjo,tj,,,,,,,ㄊㄨㄟ,ㄔㄨ,,,,,,
2124,畢業生,1u4,"u,4",g/,,,,,,ㄅㄧˋ,ㄧㄝˋ,ㄕㄥ,,,,,
2125,報紙,1l4,53,,,,,,,ㄅㄠˋ,ㄓˇ,,,,,,
2126,發明家,z8,au/6,ru8,,,,,,ㄈㄚ,ㄇㄧㄥˊ,ㄐㄧㄚ,,,,,
2127,著急,5l,ru6,,,,,,,ㄓㄠ,ㄐㄧˊ,,,,,,
2128,雄偉,vm/6,jo3,,,,,,,ㄒㄩㄥˊ,ㄨㄟˇ,,,,,,
2129,新生,vup,g/,,,,,,,ㄒㄧㄣ,ㄕㄥ,,,,,,
2130,會員,cjo4,m06,,,,,,,ㄏㄨㄟˋ,ㄩㄢˊ,,,,,,
2131,經費,ru/,zo4,,,,,,,ㄐㄧㄥ,ㄈㄟˋ,,,,,,
2132,運送,mp4,nj/4,,,,,,,ㄩㄣˋ,ㄙㄨㄥˋ,,,,,,
2133,過度,eji4,2j4,,,,,,,ㄍㄨㄛˋ,ㄉㄨˋ,,,,,,
2134,實踐,g6,ru04,,,,,,,ㄕˊ,ㄐㄧㄢˋ,,,,,,
2135,稱呼,t/,cj,,,,,,,ㄔㄥ,ㄏㄨ,,,,,,
2136,滿足,a03,yj6,,,,,,,ㄇㄢˇ,ㄗㄨˊ,,,,,,
2137,說法,gji,z83,,,,,,,ㄕㄨㄛ,ㄈㄚˇ,,,,,,
2138,播種,1i4,5j/3,,,,,,,ㄅㄛˋ,ㄓㄨㄥˇ,,,,,,
2139,撒哈拉,n8,c8,x8,,,,,,ㄙㄚ,ㄏㄚ,ㄌㄚ,,,,,
2140,箱子,vu;,y7,,,,,,,ㄒㄧㄤ,ㄗ˙,,,,,,
2141,趣味,fm4,jo4,,,,,,,ㄑㄩˋ,ㄨㄟˋ,,,,,,
2142,編號,1u0,cl4,,,,,,,ㄅㄧㄢ,ㄏㄠˋ,,,,,,
2143,澱粉,2u04,zp3,,,,,,,ㄉㄧㄢˋ,ㄈㄣˇ,,,,,,
2144,燦爛,h04,x04,,,,,,,ㄘㄢˋ,ㄌㄢˋ,,,,,,
2145,賽跑,n94,ql3,,,,,,,ㄙㄞˋ,ㄆㄠˇ,,,,,,
2146,願望,m04,j;4,,,,,,,ㄩㄢˋ,ㄨㄤˋ,,,,,,
2147,響起,vu;3,fu3,,,,,,,ㄒㄧㄤˇ,ㄑㄧˇ,,,,,,
2148,鑽石,yj04,g6,,,,,,,ㄗㄨㄢˋ,ㄕˊ,,,,,,
2149,一口氣,u4,d.3,fu4,,,,,,ㄧˋ,ㄎㄡˇ,ㄑㄧˋ,,,,,
2150,女性,sm3,vu/4,,,,,,,ㄋㄩˇ,ㄒㄧㄥˋ,,,,,,
2151,雄性,vm/6,vu/4,,,,,,,ㄒㄩㄥˊ,ㄒㄧㄥˋ,,,,,,
2152,小白兔,vul3,196,wj4,,,,,,ㄒㄧㄠˇ,ㄅㄞˊ,ㄊㄨˋ,,,,,
2153,小偷,vul3,w.,,,,,,,ㄒㄧㄠˇ,ㄊㄡ,,,,,,
2154,之前,5,fu06,,,,,,,ㄓ,ㄑㄧㄢˊ,,,,,,
2155,停留,wu/6,xu.6,,,,,,,ㄊㄧㄥˊ,ㄌㄧㄡˊ,,,,,,
2156,承諾,t/6,sji4,,,,,,,ㄔㄥˊ,ㄋㄨㄛˋ,,,,,,
2157,公司,ej/,n,,,,,,,ㄍㄨㄥ,ㄙ,,,,,,
2158,分開,zp,d9,,,,,,,ㄈㄣ,ㄎㄞ,,,,,,
2159,天使,wu0,g3,,,,,,,ㄊㄧㄢ,ㄕˇ,,,,,,
2160,少數,gl3,gj4,,,,,,,ㄕㄠˇ,ㄕㄨˋ,,,,,,
2161,比較,1u3,rul4,,,,,,,ㄅㄧˇ,ㄐㄧㄠˋ,,,,,,
2162,木頭,aj4,w.6,,,aj4,w.7,,,ㄇㄨˋ,ㄊㄡˊ,,,ㄇㄨˋ,ㄊㄡ˙,,
2163,刊物,d0,j4,,,,,,,ㄎㄢ,ㄨˋ,,,,,,
2164,功用,ej/,m/4,,,,,,,ㄍㄨㄥ,ㄩㄥˋ,,,,,,
2165,歷史,xu4,g3,,,,,,,ㄌㄧˋ,ㄕˇ,,,,,,
2166,台北,w96,1o3,,,,,,,ㄊㄞˊ,ㄅㄟˇ,,,,,,
2167,正當,5/4,2;,,,5/4,2;4,,,ㄓㄥˋ,ㄉㄤ,,,ㄓㄥˋ,ㄉㄤˋ,,
2168,平分,qu/6,zp,,,,,,,ㄆㄧㄥˊ,ㄈㄣ,,,,,,
2169,平時,qu/6,g6,,,,,,,ㄆㄧㄥˊ,ㄕˊ,,,,,,
2170,白話,196,cj84,,,,,,,ㄅㄞˊ,ㄏㄨㄚˋ,,,,,,
2171,仿照,z;3,5l4,,,,,,,ㄈㄤˇ,ㄓㄠˋ,,,,,,
2172,地位,2u4,jo4,,,,,,,ㄉㄧˋ,ㄨㄟˋ,,,,,,